Hotel_Name,Average_Score,Reviewer_Score,Total_Number_of_Reviews,Additional_Number_of_Scoring,Review_Total_Negative_Word_Counts,Review_Total_Positive_Word_Counts,Total_Number_of_Reviews_Reviewer_Has_Given,lat,lng,sentiment_balance,review_volume,log_review_volume,KMeans_Cluster,Hierarchical_Cluster,DBSCAN_Cluster,GMM_Cluster,MeanShift_Cluster,Cluster
11 Cadogan Gardens,8.7,8.845283018867924,393.0,101.0,15.528301886792454,19.9748427672956,7.226415094339623,51.4936161,-0.1592347,0.12181254307374224,494.0,6.20455776256869,2,1,0,1,0,1
1K Hotel,7.7,7.861486486486487,663.0,69.0,24.93243243243243,15.60135135135135,9.141891891891891,48.8639318,2.3658744,-0.22466243696111923,732.0,6.597145701886651,1,0,-1,3,0,0
25hours Hotel beim MuseumsQuartier,8.8,8.983309143686503,4324.0,391.0,16.1611030478955,21.911465892597967,8.72278664731495,48.2064745,16.3546297,0.14717135321867683,4715.0,8.458716261657262,3,1,0,1,0,1
41,9.6,9.711650485436893,244.0,66.0,8.883495145631068,25.300970873786408,6.009708737864078,51.4981471,-0.1436492,0.4666114790286975,310.0,5.739792912179234,2,1,-1,1,0,1
45 Park Lane Dorchester Collection,9.4,9.603571428571428,68.0,27.0,6.75,11.535714285714286,7.214285714285714,51.5063709,-0.1515359,0.2481481481481482,95.0,4.564348191467836,2,1,-1,3,0,1
88 Studios,8.4,8.489106753812637,955.0,197.0,23.93681917211329,21.464052287581698,7.427015250544662,51.4992789,-0.2090733,-0.05329138886280404,1152.0,7.050122520269059,0,0,0,0,0,0
9Hotel Republique,8.8,8.743715846994535,857.0,100.0,16.950819672131146,19.338797814207652,8.633879781420765,48.8708419,2.3605864,0.06403868698710441,957.0,6.86484777797086,3,1,0,1,0,1
A La Villa Madame,8.8,8.853658536585366,185.0,24.0,8.463414634146341,19.634146341463413,5.829268292682927,48.8488608,2.3315257,0.38390611902766136,209.0,5.3471075307174685,2,1,-1,1,0,1
ABaC Restaurant Hotel Barcelona GL Monumento,8.8,8.464516129032257,111.0,10.0,35.225806451612904,18.677419354838708,10.258064516129032,41.4106944,2.136294,-0.30141010575793187,121.0,4.804021044733257,3,0,-1,3,0,0
AC Hotel Barcelona Forum a Marriott Lifestyle Hotel,8.1,8.001384083044982,1560.0,160.0,21.62629757785467,14.986159169550174,7.660899653979238,41.4101306,2.2188047,-0.17654093836246548,1720.0,7.450660796211539,0,0,0,0,0,0
AC Hotel Diagonal L Illa a Marriott Lifestyle Hotel,8.6,8.398214285714285,446.0,36.0,17.553571428571427,13.839285714285714,7.857142857142857,41.3899609,2.135684,-0.11466372657111355,482.0,6.180016653652572,0,0,0,0,0,0
AC Hotel Irla a Marriott Lifestyle Hotel,7.9,8.125,69.0,6.0,12.75,7.9375,9.25,41.3948175,2.1434702,-0.2219020172910663,75.0,4.330733340286331,1,0,-1,3,0,0
AC Hotel Milano a Marriott Lifestyle Hotel,8.3,8.202777777777778,580.0,56.0,19.083333333333332,17.625,9.36111111111111,45.4851799,9.1831189,-0.03867403314917124,636.0,6.456769655572163,3,0,0,1,0,0
AC Hotel Paris Porte Maillot by Marriott,8.5,8.425333333333333,403.0,59.0,11.986666666666666,18.733333333333334,9.573333333333334,48.8820046,2.2818538,0.21269440941572093,462.0,6.137727054086234,3,1,0,1,0,1
AC Hotel Sants a Marriott Lifestyle Hotel,8.0,7.921978021978021,575.0,42.0,15.054945054945055,15.010989010989011,9.483516483516484,41.3775577,2.1384686,-0.0014149274849663905,617.0,6.42648845745769,3,0,-1,3,0,0
AC Hotel Victoria Suites a Marriott Lifestyle Hotel,8.6,8.828888888888889,375.0,24.0,14.977777777777778,20.177777777777777,8.488888888888889,41.3893478,2.1209755,0.14382298709280886,399.0,5.991464547107982,2,1,0,1,0,1
ADI Doria Grand Hotel,8.3,8.38843537414966,896.0,69.0,15.17687074829932,19.517006802721088,11.605442176870747,45.4853717,9.2115837,0.12159329140461214,965.0,6.873163834212518,3,0,0,1,0,1
ADI Hotel Poliziano Fiera,8.2,8.042990654205608,775.0,39.0,27.317757009345794,25.327102803738317,10.411214953271028,45.4837173,9.1649371,-0.03710801393728224,814.0,6.703188113240863,3,0,0,1,0,0
ARCOTEL Kaiserwasser Superior,8.6,8.465034965034965,1257.0,117.0,19.643356643356643,17.3006993006993,9.433566433566433,48.231915,16.417026,-0.06173977147069666,1374.0,7.226209010100671,3,0,0,1,0,0
ARCOTEL Wimberger,8.2,7.94765100671141,1886.0,106.0,19.973154362416107,19.825503355704697,9.483221476510067,48.2006001,16.3386333,-0.003619016285573296,1992.0,7.597396320212795,3,0,0,1,0,0
AZIMUT Hotel Vienna,8.2,8.269879518072289,1060.0,102.0,17.53012048192771,16.89156626506024,12.295180722891565,48.1834787,16.3762765,-0.018027210884353714,1162.0,7.0587581525186645,3,0,0,1,0,0
Abba Garden,7.9,8.037600000000001,959.0,72.0,27.016,17.784,5.648,41.3854716,2.1018835,-0.20157205240174672,1031.0,6.939253946041508,1,0,0,0,0,0
Abba Sants,8.2,8.368333333333334,964.0,75.0,16.391666666666666,15.433333333333334,8.358333333333333,41.3825777,2.1400103,-0.02919522721502916,1039.0,6.946975992135418,0,0,0,1,0,0
Acad mie H tel Saint Germain,9.0,9.064705882352941,855.0,106.0,15.31764705882353,21.623529411764707,7.670588235294118,48.855263,2.3305901,0.1662015503875969,961.0,6.8690144506657065,2,1,0,1,0,1
Acca Palace,8.5,8.590909090909092,1886.0,102.0,17.894736842105264,21.598086124401913,9.736842105263158,45.5099969,9.1739942,0.09145693016660755,1988.0,7.5953872788539725,3,0,0,1,0,1
Ace Hotel London Shoreditch,8.6,8.68307392996109,1593.0,404.0,19.926070038910506,19.132295719844358,6.682879377431907,51.5254162,-0.0772849,-0.019815444390480837,1997.0,7.599901959208498,0,0,0,0,0,0
Acevi Villarroel,7.8,7.651420454545455,2251.0,235.0,24.269886363636363,14.946022727272727,9.392045454545455,41.3853781,2.1567228,-0.2318451539983046,2486.0,7.818832443803404,1,0,1,1,0,0
Acta Atrium Palace,8.5,8.650436681222708,1933.0,218.0,19.707423580786028,18.639737991266376,6.434497816593886,41.390913,2.1706981,-0.027135009155984713,2151.0,7.674152921281675,0,0,0,0,0,0
Acta CITY47,8.1,8.18503937007874,2436.0,211.0,16.755905511811022,15.30971128608924,7.165354330708661,41.383515,2.1407396,-0.04373710112716298,2647.0,7.881559917056899,0,0,0,0,0,0
Admiral Hotel,7.3,7.130769230769231,330.0,14.0,22.923076923076923,21.615384615384617,11.26923076923077,45.480515,9.160063,-0.02871621621621619,344.0,5.84354441703136,1,0,-1,3,0,0
Adria Boutique Hotel,8.8,8.765367965367965,478.0,92.0,19.77922077922078,19.913419913419915,7.753246753246753,51.4933372,-0.1788931,0.0032978723404255756,570.0,6.3473892096560105,0,0,0,0,0,1
Ako Suites Hotel,8.7,8.695419847328244,771.0,69.0,19.15267175572519,16.442748091603054,6.557251908396947,41.3861153,2.1611899,-0.07405089695452648,840.0,6.734591659972948,0,0,0,0,0,1
Albus Hotel Amsterdam City Centre,8.2,8.20979381443299,564.0,95.0,20.314432989690722,16.695876288659793,5.154639175257732,52.365823,4.893243,-0.09519934906427993,659.0,6.492239835020471,0,0,0,0,0,0
Alexandra Barcelona A DoubleTree by Hilton,8.3,8.027272727272727,351.0,46.0,26.662337662337663,12.324675324675324,5.662337662337662,41.3931918,2.16152,-0.3585579733679766,397.0,5.986452005284438,1,0,-1,3,0,0
Alma Barcelona GL,9.2,9.343016759776537,593.0,87.0,13.044692737430168,19.99441340782123,7.698324022346369,41.3945074,2.1632659,0.20416871820121454,680.0,6.523562306149512,2,1,0,0,0,1
Alma Boutique Hotel,8.7,8.941447368421052,730.0,78.0,13.138157894736842,23.769736842105264,12.894736842105264,48.2112491,16.3776519,0.28045817424505376,808.0,6.695798917058491,3,0,-1,1,0,1
Aloft London Excel,8.7,8.628241563055061,2332.0,694.0,19.380106571936057,17.322380106571938,5.182060390763765,51.5083719,0.0355768,-0.05457800391020654,3026.0,8.01532730902172,0,0,0,0,0,0
Am Spiegeln,8.3,8.22857142857143,240.0,10.0,29.38095238095238,15.761904761904763,11.428571428571429,48.1537005,16.2825822,-0.2951496388028896,250.0,5.5254529391317835,3,0,-1,3,0,0
Amadi Panorama Hotel,8.4,8.402079002079002,2586.0,253.0,19.81704781704782,23.719334719334718,11.523908523908524,52.3588806,4.9886041,0.0876202035290822,2839.0,7.951559331155252,3,0,2,1,0,0
Amadi Park Hotel,8.1,8.204040404040404,1615.0,272.0,18.792929292929294,21.803030303030305,8.426767676767676,52.364962,4.873495,0.07236522583778533,1887.0,7.543273346705446,0,0,0,1,0,0
Amarante Beau Manoir,7.2,6.918867924528302,759.0,74.0,24.572327044025158,14.836477987421384,7.452830188679245,48.870994,2.3235329,-0.24093385214007784,833.0,6.726233402358747,1,0,-1,3,0,0
Amarante Champs Elys es,7.7,7.620588235294117,464.0,66.0,19.352941176470587,11.333333333333334,9.617647058823529,48.8717649,2.2983855,-0.25309405940594054,530.0,6.274762021241939,1,0,-1,3,0,0
Amba Hotel Charing Cross,9.3,9.39171974522293,1694.0,359.0,12.55796178343949,24.10828025477707,6.49171974522293,51.508236,-0.1261963,0.30664908008658015,2053.0,7.627544390488503,2,1,0,1,0,1
Amba Hotel Marble Arch,8.5,8.563549920760698,3980.0,908.0,15.88431061806656,14.54675118858954,6.694136291600634,51.5144004,-0.1565506,-0.042555337064488455,4888.0,8.494743062578646,0,0,0,0,0,0
Ambassade Hotel,9.3,9.36497277676951,1611.0,265.0,10.372050816696914,23.18874773139746,6.894736842105263,52.369391,4.8871721,0.37084492989549966,1876.0,7.537430036586509,2,1,0,1,0,1
Ambassadors Bloomsbury,7.9,7.845833333333334,1521.0,398.0,19.28515625,13.861979166666666,7.477864583333333,51.5266618,-0.1296571,-0.15881792183031462,1919.0,7.560080465021827,1,0,0,0,0,0
Amp re,8.8,8.825000000000001,998.0,100.0,13.13953488372093,18.441860465116278,7.843023255813954,48.8848583,2.2997023,0.1627408993576017,1098.0,7.002155954403621,2,1,0,1,0,1
Amsterdam Canal Residence,8.3,8.408955223880596,255.0,19.0,25.29850746268657,25.686567164179106,5.850746268656716,52.3594783,4.895853,0.0074648291702555224,274.0,5.616771097666572,0,0,0,0,0,0
Amsterdam Marriott Hotel,8.1,8.126478149100256,1556.0,243.0,21.44987146529563,12.94344473007712,5.03598971722365,52.362514,4.8800077,-0.24033991865194657,1799.0,7.495541943884256,0,0,0,0,0,0
Andaz Amsterdam Prinsengracht A Hyatt Hotel,9.3,9.28177570093458,851.0,145.0,15.822429906542055,17.85981308411215,6.5607476635514015,52.3678368,4.8830788,0.05874427378065218,996.0,6.904750769961838,2,1,-1,0,0,1
Andaz London Liverpool Street,9.0,9.01888246628131,1283.0,346.0,16.795761078998073,19.179190751445088,7.458574181117534,51.5172825,-0.0812451,0.06446065659197503,1629.0,7.396335293800808,2,1,0,0,0,1
Andreola Central Hotel,8.3,8.384500000000001,1135.0,106.0,17.04,21.94,11.845,45.4836517,9.2078581,0.1225612806403202,1241.0,7.124478262493424,3,0,0,1,0,1
Antares Hotel Accademia,8.4,8.53,415.0,36.0,21.566666666666666,21.566666666666666,7.133333333333334,45.4921089,9.1476806,0.0,451.0,6.113682179832232,0,0,0,0,0,1
Antares Hotel Rubens,8.5,8.471681415929202,1231.0,54.0,12.56637168141593,22.336283185840706,13.026548672566372,45.4670579,9.1427822,0.2721222578259797,1285.0,7.1592919047975645,3,0,-1,1,0,1
Antica Locanda Dei Mercanti,9.0,9.146341463414634,333.0,40.0,13.878048780487806,27.170731707317074,10.841463414634147,45.467298,9.1846982,0.3161252900232019,373.0,5.924255797414532,2,1,-1,1,0,1
Aparthotel Adagio Vienna City,8.1,8.159294871794872,1787.0,169.0,24.240384615384617,20.871794871794872,9.612179487179487,48.2110845,16.3838405,-0.07305206088830196,1956.0,7.579167967396076,3,0,0,1,0,0
Aparthotel Arai 4 Superior,9.3,9.44,520.0,77.0,13.434146341463414,24.365853658536587,5.770731707317073,41.3807517,2.1772425,0.28174503394518485,597.0,6.393590753950631,2,1,0,1,0,1
Aparthotel Atenea Barcelona,8.0,8.264606741573033,1098.0,75.0,18.140449438202246,21.337078651685392,6.50561797752809,41.3862689,2.1291786,0.07897293546148507,1173.0,7.068172000388042,0,0,0,0,0,0
Aparthotel Mariano Cubi Barcelona,8.3,8.208791208791208,635.0,50.0,22.373626373626372,15.923076923076923,10.153846153846153,41.3982129,2.1494179,-0.1641498881431767,685.0,6.530877627725885,3,0,0,3,0,0
Apex City Of London Hotel,9.0,9.118684461391801,2750.0,623.0,13.110581506196377,19.639656816015254,6.127740705433746,51.5104624,-0.0795502,0.1934527172070953,3373.0,8.123854263105914,2,1,-1,0,0,1
Apex London Wall Hotel,9.1,9.242562929061785,949.0,256.0,12.51258581235698,21.87871853546911,6.281464530892449,51.5160484,-0.0880181,0.26464502780292254,1205.0,7.095064377287131,2,1,0,1,0,1
Apex Temple Court Hotel,9.2,9.29884281581485,2619.0,639.0,11.99132111861138,19.692381870781098,6.904532304725168,51.5137335,-0.1087512,0.2356238751364588,3258.0,8.089175678837561,2,1,0,0,0,1
Apollo Hotel Amsterdam,8.2,8.290286425902865,2968.0,419.0,19.983810709838107,19.478206724782066,8.292652552926526,52.3486098,4.8844292,-0.012495768058847095,3387.0,8.127995055771946,0,0,0,0,0,0
Apollofirst Boutique Hotel,8.5,8.71505376344086,1284.0,181.0,12.919354838709678,19.793010752688172,6.212365591397849,52.350396,4.8756404,0.20389123674348136,1465.0,7.290292882446597,0,1,0,1,0,1
Appartement Hotel an der Riemergasse,9.2,9.282222222222222,969.0,94.0,12.36888888888889,22.195555555555554,11.404444444444444,48.2071576,16.3765913,0.27630592351912014,1063.0,6.96979066990159,2,1,-1,1,0,1
Arbor City,8.9,8.88719590268886,2197.0,404.0,16.179257362355955,19.782330345710626,10.49167733674776,51.5166755,-0.0697897,0.09748155333079289,2601.0,7.86403565907245,3,1,0,1,0,1
Arbor Hyde Park,8.4,8.501573849878936,2140.0,322.0,18.24576271186441,19.893462469733656,12.154963680387409,51.5126488,-0.1803795,0.0420984255621887,2462.0,7.809135398120538,3,0,2,1,0,0
Arenas Atiram Hotels,7.5,7.453333333333333,779.0,54.0,17.266666666666666,15.706666666666667,8.6,41.3904305,2.1262314,-0.04591836734693874,833.0,6.726233402358747,1,0,-1,3,0,0
Arion Cityhotel Vienna und Appartements,8.1,8.078879310344828,3887.0,317.0,19.40301724137931,15.27801724137931,11.306034482758621,48.1585332,16.3451115,-0.11560763469437063,4204.0,8.344029572407049,3,0,-1,1,0,0
Arioso,8.4,8.321052631578947,218.0,31.0,17.13157894736842,18.36842105263158,11.210526315789474,48.8746066,2.3167195,0.03388608507570295,249.0,5.521460917862246,3,0,-1,3,0,1
Armani Hotel Milano,9.2,9.130769230769232,835.0,153.0,10.955128205128204,13.692307692307692,10.685897435897436,45.470532,9.19302,0.10672331917020744,988.0,6.8966943316227125,2,1,-1,1,0,1
Art Hotel Navigli,8.6,8.774863387978142,3636.0,199.0,15.010928961748634,22.128415300546447,10.158469945355192,45.4501306,9.1696481,0.18661795257539934,3835.0,8.252185436003328,3,1,-1,1,0,1
Arthotel ANA Boutique Six,8.2,8.048717948717949,3498.0,228.0,18.3,17.141025641025642,13.435897435897436,48.1941905,16.3462578,-0.031804109203489986,3726.0,8.223358899479258,3,0,-1,1,0,0
Arthotel ANA Prime,8.4,8.541176470588235,1813.0,144.0,17.30392156862745,18.83986928104575,14.542483660130719,48.1925582,16.3576071,0.04135139890902687,1957.0,7.579678823090456,3,0,-1,1,0,1
Arthotel ANA Westbahn,8.3,8.441791044776119,450.0,37.0,17.34328358208955,23.582089552238806,6.2388059701492535,48.1979514,16.336318,0.14880740477038096,487.0,6.1903154058531475,0,0,3,1,0,1
Artus Hotel by MH,9.0,9.137931034482758,261.0,50.0,8.155172413793103,18.70689655172414,9.827586206896552,48.8535639,2.3360169,0.37871287128712877,311.0,5.7430031878094825,2,1,-1,1,0,1
Ashburn Hotel,8.6,8.656066945606696,629.0,123.0,16.96234309623431,20.94142259414226,7.2133891213389125,51.4945522,-0.1861213,0.10228006022800602,752.0,6.6240652277998935,0,1,0,1,0,1
Atahotel Contessa Jolanda,7.5,7.398319327731092,1559.0,76.0,20.218487394957982,14.521008403361344,8.957983193277311,45.4984161,9.1904375,-0.15941688220079941,1635.0,7.400009517162692,1,0,-1,0,0,0
Atahotel Linea Uno,8.0,7.961344537815126,1199.0,54.0,17.630252100840337,17.77310924369748,9.680672268907562,45.50054,9.2208089,0.003924284395198509,1253.0,7.134093721192866,3,0,0,1,0,0
Atala Champs Elys es,8.2,7.913793103448276,123.0,14.0,16.482758620689655,12.793103448275861,6.103448275862069,48.8735418,2.302442,-0.12186788154897496,137.0,4.927253685157205,1,0,-1,3,0,0
Atlantis Hotel Vienna,8.1,7.76,2823.0,168.0,22.35076923076923,17.05846153846154,8.966153846153846,48.2037451,16.3356767,-0.1309677910606868,2991.0,8.003697339094368,1,0,-1,1,0,0
Attica 21 Barcelona Mar,8.1,8.273214285714285,926.0,109.0,20.5,21.81547619047619,4.851190476190476,41.4052324,2.2117289,0.030369657826027192,1035.0,6.943122422819428,0,0,0,0,0,0
Au Manoir Saint Germain,8.6,8.711445783132529,616.0,86.0,13.060240963855422,18.60843373493976,7.433734939759036,48.853688,2.3322667,0.16983219620136453,702.0,6.555356891810665,2,1,0,1,0,1
Austria Trend Hotel Ananas Wien,8.2,8.086263736263737,4217.0,284.0,21.388278388278387,17.791208791208792,11.56043956043956,48.1915401,16.3546263,-0.0895250250706536,4501.0,8.412277021466677,3,0,-1,1,0,0
Austria Trend Hotel Anatol Wien,8.8,8.880666666666666,1324.0,88.0,14.153333333333334,23.44,10.633333333333333,48.1945774,16.346356,0.24062877871825877,1412.0,7.253470382684528,3,1,0,1,0,1
Austria Trend Hotel Astoria Wien,8.5,8.463829787234042,2279.0,228.0,16.583924349881798,15.732860520094563,10.57210401891253,48.2044655,16.3702399,-0.025544596608245238,2507.0,7.827240901752812,3,0,0,1,0,0
Austria Trend Hotel Bosei Wien,8.3,8.104859335038363,3287.0,283.0,14.227621483375959,15.452685421994884,15.836317135549873,48.1629737,16.3404024,0.03992997665888628,3570.0,8.18060094759445,3,0,-1,1,0,0
Austria Trend Hotel Doppio Wien,8.7,8.601474926253687,3010.0,207.0,15.87905604719764,17.029498525073745,15.100294985250738,48.1854312,16.404884,0.03392779469334489,3217.0,8.076515327552329,3,0,-1,1,0,1
Austria Trend Hotel Europa Wien,8.6,8.6586011342155,3221.0,325.0,13.701323251417769,15.366729678638942,13.022684310018903,48.2062103,16.3710387,0.05538790393562182,3546.0,8.173857454773621,3,0,-1,1,0,1
Austria Trend Hotel Lassalle Wien,8.1,8.020945945945945,1287.0,99.0,17.486486486486488,18.006756756756758,12.054054054054054,48.2273013,16.4001791,0.014256619144602849,1386.0,7.234898420314831,3,0,-1,1,0,0
Austria Trend Hotel Park Royal Palace Vienna,8.8,8.649090909090908,3667.0,251.0,18.477272727272727,19.7,12.13409090909091,48.191339,16.3165873,0.031210117182967866,3918.0,8.273591798199632,3,0,-1,1,0,1
Austria Trend Hotel Rathauspark Wien,8.5,8.48939393939394,1884.0,195.0,17.918181818181818,17.584848484848486,10.424242424242424,48.2133054,16.3567884,-0.009131661962477139,2079.0,7.640123172695364,3,0,0,1,0,0
Austria Trend Hotel Savoyen Vienna,8.9,8.928611500701264,4016.0,370.0,14.900420757363253,21.223001402524545,12.406732117812062,48.1950444,16.3844751,0.1703124409686804,4386.0,8.386400901166214,3,1,-1,1,0,1
Austria Trend Hotel Schloss Wilhelminenberg Wien,8.3,8.171649484536083,1558.0,86.0,21.65979381443299,22.1340206185567,14.572164948453608,,,0.010586881472957384,1644.0,7.405495663199472,3,0,-1,1,0,0
Austria Trend Parkhotel Sch nbrunn Wien,8.6,8.587412587412587,4026.0,247.0,20.568764568764568,21.47086247086247,9.734265734265735,48.1866506,16.3023375,0.020959705372617016,4273.0,8.360305435879093,3,0,0,1,0,0
Auteuil Tour Eiffel,7.5,7.105102040816326,1266.0,134.0,20.709183673469386,16.933673469387756,6.637755102040816,48.8506499,2.2750873,-0.0977026670187483,1400.0,7.244941546337007,1,0,-1,3,0,0
Avenida Palace,8.4,8.390582403965304,3222.0,343.0,19.34200743494424,18.272614622057002,6.451053283767038,41.3891168,2.1671986,-0.027693986265323163,3565.0,8.179199798423086,0,0,0,0,0,0
Avo Hotel,8.1,8.148795180722892,276.0,70.0,15.86144578313253,19.5,4.746987951807229,51.5460628,-0.0700817,0.10006626905235257,346.0,5.849324779946859,0,0,-1,3,0,0
Axel Hotel Barcelona Urban Spa Adults Only,8.0,8.075581395348838,2694.0,269.0,22.172757475083056,17.03156146179402,10.533222591362126,41.3873478,2.1603987,-0.12787670949882246,2963.0,7.994294986415977,3,0,-1,1,0,0
Ayre Hotel Caspe,8.5,8.611932773109244,3442.0,312.0,16.2,20.60672268907563,8.899159663865547,41.3961021,2.1794688,0.11655923538564132,3754.0,8.230843564198235,3,1,0,1,0,1
Ayre Hotel Gran V a,8.8,8.776913425345043,4887.0,391.0,13.928481806775407,22.273525721455457,7.885821831869511,41.3732462,2.1474351,0.22431703204047215,5278.0,8.571491964823617,0,1,0,1,0,1
Ayre Hotel Rosell n,8.7,8.945664739884393,2359.0,215.0,14.865125240847783,21.92485549132948,6.042389210019268,41.4047382,2.1727127,0.18681486768979763,2574.0,7.853604813097837,0,1,0,0,0,1
B Montmartre,9.2,9.436666666666666,332.0,46.0,6.9222222222222225,23.58888888888889,5.233333333333333,48.883631,2.3257643,0.5289139633286317,378.0,5.937536205082426,2,1,-1,1,0,1
BEST WESTERN Maitrise Hotel Maida Vale,7.1,6.884191176470588,1877.0,364.0,31.493872549019606,13.025735294117647,6.1556372549019605,51.5366053,-0.1919832,-0.40571828559121265,2241.0,7.715123603632105,1,0,-1,0,0,0
BEST WESTERN PLUS Amedia Wien,8.4,8.350119331742244,3224.0,272.0,15.902147971360382,17.79474940334129,10.162291169451073,48.1923791,16.3994512,0.054546705186408036,3496.0,8.159660737063376,3,0,0,1,0,0
Baglioni Hotel Carlton The Leading Hotels of the World,8.8,8.72875816993464,775.0,99.0,13.712418300653594,15.542483660130719,9.901960784313726,45.4691663,9.1984454,0.06048822639879026,874.0,6.774223886357614,3,1,0,1,0,1
Baglioni Hotel London The Leading Hotels of the World,9.0,9.003508771929825,290.0,72.0,17.640350877192983,19.57894736842105,7.508771929824562,51.5017224,-0.1846243,0.050722974523754835,362.0,5.8944028342648505,2,1,0,0,0,1
Balmoral Champs Elys es,8.7,8.908771929824562,476.0,74.0,9.429824561403509,22.350877192982455,6.614035087719298,48.8759855,2.293938,0.39416644367139414,550.0,6.311734809152915,2,1,-1,1,0,1
Banke H tel,8.4,8.454716981132075,688.0,90.0,15.836477987421384,14.79245283018868,8.672955974842766,48.8735736,2.335965,-0.03300855040763572,778.0,6.658011045870748,0,0,0,0,0,0
Banks Mansion All Inclusive Hotel,9.2,9.364589235127479,803.0,141.0,11.393767705382436,26.203966005665723,5.895184135977337,52.3653868,4.8931979,0.3837064220183487,944.0,6.851184927493743,2,1,0,1,0,1
Barcel Milan,8.1,7.718454935622318,3228.0,127.0,29.141630901287552,13.909871244635193,8.905579399141631,45.51152,9.1241306,-0.345771628994544,3355.0,8.118505067587098,1,0,-1,3,0,0
Barcel Raval,8.4,8.51159420289855,2254.0,256.0,19.846014492753625,18.26268115942029,5.130434782608695,41.3790126,2.1696339,-0.0404854548823421,2510.0,7.828436359157585,0,0,0,0,0,0
Barcel Sants,8.6,8.602870813397129,4379.0,420.0,16.61842105263158,20.613636363636363,8.929425837320574,41.3798964,2.1412433,0.10449909267254864,4799.0,8.476371196895983,3,1,0,1,0,1
Barcelona Hotel Colonial,7.8,7.764814814814815,287.0,31.0,22.25925925925926,16.74074074074074,6.5,41.3822909,2.1807447,-0.13796296296296298,318.0,5.765191102784844,1,0,-1,0,0,0
Barcelona Princess,8.3,8.219286510590859,4293.0,396.0,21.459308807134896,20.540691192865104,8.109253065774805,41.4109715,2.2186535,-0.02136320033185562,4689.0,8.453187861440325,0,0,0,0,0,0
Bassano,8.3,8.131,513.0,85.0,19.56,13.37,8.83,48.8690596,2.2971078,-0.18243442381373415,598.0,6.395261598115449,0,0,-1,0,0,0
Batty Langley s,9.4,9.411014492753624,644.0,197.0,9.898550724637682,24.83478260869565,6.440579710144927,51.5208575,-0.0779503,0.41799156391953274,841.0,6.7357800142423265,2,1,0,1,0,1
Bcn Urban Hotels Gran Rosellon,8.5,8.627889447236182,2383.0,164.0,16.527638190954775,16.695979899497488,11.517587939698492,41.4226648,2.1464261,0.004918875266133141,2547.0,7.843064016692054,3,0,0,1,0,1
Belfast,7.7,7.7523255813953496,337.0,39.0,12.94186046511628,20.593023255813954,7.372093023255814,48.8756435,2.2938788,0.22154882154882152,376.0,5.932245187448011,0,0,-1,3,0,0
Bentley London,8.4,8.401515151515152,486.0,143.0,21.61111111111111,15.767676767676768,12.95959595959596,51.4928147,-0.1841753,-0.1522568759047243,629.0,6.4457198193855785,3,0,-1,3,0,0
Bermondsey Square Hotel A Bespoke Hotel,8.3,8.313032581453633,844.0,220.0,18.761904761904763,17.62155388471178,8.852130325814537,51.4991134,-0.0790969,-0.03050415661035131,1064.0,6.970730078143525,0,0,0,1,0,0
Best Western Allegro Nation,7.8,7.064864864864864,354.0,16.0,30.83783783783784,12.783783783783784,6.5675675675675675,48.8430891,2.4049867,-0.4046032707450031,370.0,5.916202062607435,1,0,-1,3,0,0
Best Western Amiral Hotel,7.5,7.299159663865546,1173.0,58.0,20.764705882352942,18.067226890756302,7.420168067226891,48.8252307,2.3569005,-0.0677215189873418,1231.0,7.116394144093465,1,0,-1,3,0,0
Best Western Antares Hotel Concorde,8.1,8.157983193277312,984.0,53.0,22.22689075630252,17.252100840336134,9.268907563025211,45.502453,9.2218364,-0.12289806933776211,1037.0,6.945051063725834,0,0,0,1,0,0
Best Western Atlantic Hotel,8.5,8.356862745098038,1738.0,170.0,13.46078431372549,17.529411764705884,10.15032679738562,45.4830211,9.2033246,0.1271835733987129,1908.0,7.554334823725748,3,0,0,1,0,1
Best Western Aulivia Op ra,7.8,7.843999999999999,570.0,51.0,18.44,17.36,5.47,48.8730552,2.3540112,-0.029347826086956574,621.0,6.432940092739179,1,0,-1,0,0,0
Best Western Blue Tower Hotel,7.4,7.3307692307692305,3869.0,587.0,23.37396449704142,16.63431952662722,5.2023668639053255,52.3793659,4.8457179,-0.16434837815999076,4456.0,8.402231172946555,1,0,-1,0,0,0
Best Western Bretagne Montparnasse,7.7,7.6744680851063825,1540.0,120.0,16.26063829787234,16.606382978723403,5.5638297872340425,48.8354314,2.321142,0.010208889586932581,1660.0,7.415175109613295,1,0,-1,0,0,0
Best Western Delphi Hotel,7.5,7.59875,372.0,57.0,20.125,20.4625,8.45,52.3504558,4.8770194,0.008115419296663626,429.0,6.063785208687608,1,0,-1,3,0,0
Best Western Ducs de Bourgogne,7.7,7.4739436619718305,684.0,48.0,26.154929577464788,17.52112676056338,5.619718309859155,48.8603483,2.3440535,-0.19325346784363176,732.0,6.597145701886651,1,0,0,3,0,0
Best Western Hotel Ascot,7.7,7.552542372881356,1741.0,172.0,17.190677966101696,13.728813559322035,11.266949152542374,45.4580137,9.1913676,-0.10845612637727332,1913.0,7.5569505720129,1,0,-1,1,0,0
Best Western Hotel Astoria,7.7,8.462162162162162,507.0,28.0,12.945945945945946,21.35135135135135,7.5675675675675675,45.4725167,9.1439198,0.23813169984686064,535.0,6.284134161070802,0,0,-1,3,0,0
Best Western Hotel City,8.4,8.528323699421966,1193.0,84.0,13.23121387283237,19.838150289017342,8.566473988439306,45.4858877,9.2042827,0.1939260264675942,1277.0,7.15305163493748,3,1,-1,1,0,1
Best Western Hotel Major,8.1,8.106849315068493,1107.0,43.0,11.068493150684931,17.273972602739725,10.63013698630137,45.4472099,9.2090967,0.211484593837535,1150.0,7.048386408721883,3,0,-1,3,0,0
Best Western Hotel Mirage,8.5,8.450602409638554,785.0,48.0,13.409638554216867,18.566265060240966,11.843373493975903,45.4947129,9.1418864,0.15637559371574722,833.0,6.726233402358747,3,0,0,1,0,1
Best Western Hotel Montmartre Sacr Coeur,7.2,7.036842105263157,1201.0,116.0,25.31203007518797,18.221804511278197,5.503759398496241,48.888539,2.3498459,-0.1592098598683099,1317.0,7.183870715062453,1,0,-1,3,0,0
Best Western Hotel Pension Arenberg Wien Zentrum,7.7,7.320603015075377,1238.0,88.0,34.8643216080402,16.050251256281406,7.85929648241206,48.2107358,16.382147,-0.3624044138999129,1326.0,7.190676034332207,1,0,-1,3,0,0
Best Western Hotel St George,8.1,8.072893772893773,1700.0,132.0,20.142857142857142,18.93040293040293,10.124542124542124,45.4770906,9.2054208,-0.030255941499085906,1832.0,7.513709247839705,3,0,0,1,0,0
Best Western Le 18 Paris,7.6,7.42906976744186,527.0,40.0,20.651162790697676,17.197674418604652,5.186046511627907,48.8966167,2.3434843,-0.08889554025740795,567.0,6.342121418721152,1,0,-1,3,0,0
Best Western Le Jardin de Cluny,8.5,8.7475,516.0,61.0,12.716666666666667,18.733333333333334,7.191666666666666,48.8497553,2.3467616,0.18541345659989728,577.0,6.359573868672378,2,1,0,1,0,1
Best Western Madison Hotel,8.4,8.49468085106383,2189.0,171.0,14.36436170212766,17.86436170212766,11.430851063829786,45.4881471,9.2016609,0.10533055866816071,2360.0,7.766840537085513,3,0,0,1,0,1
Best Western Maitrise Hotel Edgware Road,6.6,6.375,461.0,73.0,35.29545454545455,10.013636363636364,4.095454545454546,51.521148,-0.171346,-0.5459363957597173,534.0,6.282266746896006,1,0,-1,3,4,0
Best Western Mercedes Arc de Triomphe,7.8,8.0,368.0,30.0,18.689655172413794,24.46551724137931,10.672413793103448,48.8848292,2.3035189,0.13080827801639983,398.0,5.988961416889864,3,0,-1,3,0,0
Best Western Mornington Hotel Hyde Park,8.0,7.979004854368932,2418.0,440.0,19.84587378640777,16.41990291262136,7.79247572815534,51.5119933,-0.1782794,-0.09193343537304197,2858.0,7.958227192322312,0,0,0,0,0,0
Best Western Nouvel Orl ans Montparnasse,8.1,8.045977011494253,988.0,80.0,21.132183908045977,23.28735632183908,9.281609195402298,48.8309896,2.3297301,0.04745033531570289,1068.0,6.974478911025045,3,0,0,1,0,0
Best Western Op ra Batignolles,7.6,7.66930693069307,859.0,56.0,17.435643564356436,14.237623762376238,6.356435643564357,48.8870573,2.3143297,-0.0978787878787879,915.0,6.82001636467413,1,0,0,0,0,0
Best Western PLUS Epping Forest,7.5,7.304573170731707,587.0,193.0,24.64329268292683,11.966463414634147,6.2682926829268295,51.603207,0.010607,-0.33706225680933855,780.0,6.660575149839686,1,0,-1,0,0,0
Best Western Palm Hotel,7.9,7.909799789251844,2037.0,471.0,23.203371970495258,15.637513171759748,7.243414120126449,51.5634756,-0.2042758,-0.1899018752148959,2508.0,7.827639546366422,1,0,0,0,0,0
Best Western Paris Gare Saint Lazare,7.6,7.380769230769231,759.0,41.0,27.807692307692307,15.102564102564102,5.064102564102564,48.8803752,2.319591,-0.28934306569343066,800.0,6.68586094706836,1,0,-1,0,0,0
Best Western Plus 61 Paris Nation Hotel,7.7,7.309459459459459,795.0,48.0,21.06756756756757,21.905405405405407,7.716216216216216,48.8465653,2.4102405,0.019053472649047342,843.0,6.738152494595957,1,0,-1,3,0,0
Best Western Plus Elys e Secret,7.7,7.699099099099099,646.0,63.0,19.864864864864863,16.783783783783782,6.4324324324324325,48.8701247,2.311141,-0.08183776022972003,709.0,6.565264970035361,1,0,0,0,0,0
Best Western Plus Hotel Blue Square,7.3,7.351515151515152,3161.0,407.0,24.117845117845118,17.717171717171716,5.3552188552188555,52.3786823,4.8207833,-0.14942619085049524,3568.0,8.18004072349016,1,0,-1,0,0,0
Best Western Plus Hotel Felice Casati,8.4,8.356953642384106,1817.0,174.0,16.13907284768212,19.350993377483444,12.496688741721854,45.4787357,9.2041131,0.08802177858439204,1991.0,7.596894438144544,3,0,2,1,0,1
Best Western Plus Hotel Galles,8.5,8.412234910277324,3550.0,298.0,17.889070146818923,19.34094616639478,9.938009787928221,45.4805847,9.2117326,0.03797738425432045,3848.0,8.255568653283746,3,0,0,1,0,0
Best Western Plus Seraphine Hammersmith Hotel,7.8,7.742799461641991,1717.0,390.0,19.207267833109018,14.092866756393,6.0969044414535665,51.4926269,-0.2288598,-0.14910731803021388,2107.0,7.653494909661253,1,0,0,0,0,0
Best Western Plus de Neuville Arc de Triomphe,8.0,8.185915492957747,516.0,62.0,19.802816901408452,18.507042253521128,5.47887323943662,48.8869128,2.3004034,-0.03296309566463633,578.0,6.361302477572996,0,0,0,0,0,0
Best Western Premier Faubourg 88,8.4,8.325698324022346,728.0,90.0,16.033519553072626,23.3463687150838,5.407821229050279,48.8776756,2.3493159,0.18110127282789154,818.0,6.70808408385307,0,0,-1,1,0,1
Best Western Premier Hotel Couture,8.7,8.753399668325041,8177.0,947.0,16.516860143725815,23.705914870093974,6.922056384742952,52.3511137,4.8411629,0.1743952153623344,9124.0,9.118773178450692,0,0,-1,0,0,1
Best Western Premier Hotel Dante,8.4,8.47788944723618,1130.0,115.0,13.93969849246231,15.753768844221106,9.311557788944723,41.3894195,2.1564886,0.059102815979043925,1245.0,7.1276936993473985,3,0,0,1,0,1
Best Western Premier Kaiserhof Wien,9.4,9.496407185628742,1353.0,128.0,11.044910179640718,26.305389221556887,12.383233532934131,48.1975497,16.3686397,0.3979233351549692,1481.0,7.301147805856032,2,1,-1,1,0,1
Best Western Premier Kapital Op ra,8.9,8.866064981949458,1444.0,141.0,15.787003610108304,24.537906137184116,8.234657039711191,48.8814425,2.3235592,0.21175853935528957,1585.0,7.368970402194793,2,1,0,1,0,1
Best Western Premier Le Swann,8.3,7.99010989010989,601.0,47.0,17.87912087912088,18.10989010989011,8.868131868131869,48.8797331,2.3206003,0.006238859180035628,648.0,6.47543271670409,0,0,0,3,0,0
Best Western Premier Louvre Saint Honor ,8.1,8.340487804878048,923.0,97.0,21.458536585365852,17.765853658536585,5.321951219512195,48.861711,2.340674,-0.0918020858598108,1020.0,6.928537818164665,0,0,0,0,0,0
Best Western Premier Marais Grands Boulevards,8.3,8.297844827586207,1408.0,134.0,19.461206896551722,17.935344827586206,7.870689655172414,48.8687425,2.3541761,-0.03973955994611582,1542.0,7.341483852363161,0,0,0,0,0,0
Best Western Premier Op ra Faubourg Ex Hotel Jules ,8.1,8.173065015479876,1966.0,205.0,17.993808049535605,17.773993808049536,5.733746130030959,48.8753359,2.3414617,-0.005978443920512002,2171.0,7.683403681053826,0,0,0,0,0,0
Best Western Premier Op ra Li ge,8.7,8.9031007751938,641.0,74.0,16.635658914728683,19.232558139534884,5.705426356589148,48.8795947,2.3280695,0.0704373423044575,715.0,6.573680166960646,0,1,0,0,0,1
Best Western Premier Op ra Opal,8.6,8.821276595744681,772.0,69.0,12.560283687943262,15.099290780141844,7.5177304964539005,48.8722588,2.3257608,0.08859193268992828,841.0,6.7357800142423265,0,1,0,0,0,1
Best Western Premier Trocadero La Tour,8.0,8.063461538461539,216.0,38.0,14.403846153846153,19.615384615384617,5.884615384615385,48.8583127,2.2795075,0.14881933003844044,254.0,5.541263545158426,0,0,-1,3,0,0
Best Western S vres Montparnasse,7.8,7.969148936170213,1544.0,90.0,18.090425531914892,16.72872340425532,9.882978723404255,48.843707,2.3155631,-0.03801603801603798,1634.0,7.399398083331354,3,0,0,1,0,0
Best Western Seraphine Kensington Olympia,7.4,7.417914438502674,895.0,140.0,24.609625668449198,13.89572192513369,6.7272727272727275,51.4992791,-0.1973593,-0.2712013536379018,1035.0,6.943122422819428,1,0,-1,0,0,0
Best Western The Boltons Hotel London Kensington,7.7,7.728961748633879,1573.0,249.0,23.358834244080146,16.145719489981786,8.896174863387978,51.4907493,-0.1934627,-0.17808157575212483,1822.0,7.508238774678663,1,0,4,0,0,0
Best Western Tour Eiffel Invalides,7.9,7.851351351351352,364.0,48.0,20.513513513513512,16.513513513513512,7.135135135135135,48.8593152,2.3104179,-0.10518834399431415,412.0,6.023447592961033,1,0,0,0,0,0
Bianca Maria Palace Hotel,9.0,8.997115384615384,2770.0,231.0,14.607692307692307,21.278846153846153,11.184615384615384,45.4635445,9.2068649,0.1808560554715604,3001.0,8.007034012193408,3,1,-1,1,0,1
Bilderberg Garden Hotel,8.1,7.986596119929453,2270.0,309.0,23.329805996472665,17.03174603174603,10.846560846560847,52.3511447,4.8740764,-0.15226846324407303,2579.0,7.855544677915663,3,0,-1,1,0,0
Bilderberg Hotel Jan Luyken,8.3,8.636612021857923,1207.0,170.0,17.40983606557377,19.15573770491803,9.153005464480874,52.3599196,4.8810128,0.04647610735326202,1377.0,7.228388451573604,3,0,0,3,0,0
Blakemore Hyde Park,8.5,8.5267217630854,6596.0,1198.0,17.888429752066116,16.2277318640955,5.466483011937558,51.5129736,-0.1837431,-0.04729155498607538,7794.0,8.961237781491876,0,0,-1,0,0,0
Blakes Hotel,8.0,7.971052631578947,190.0,40.0,21.55263157894737,11.197368421052632,4.552631578947368,51.4892447,-0.1803196,-0.30682261208577,230.0,5.442417710521793,1,0,-1,3,0,0
Bloomsbury Palace Hotel,6.8,6.7366849960722694,2751.0,457.0,28.24666142969364,13.690494893951296,4.537313432835821,51.5207945,-0.1310845,-0.33901095885398563,3208.0,8.073714641109857,1,0,-1,0,4,0
BoB Hotel by Elegancia,9.0,8.938775510204081,271.0,31.0,27.632653061224488,38.38775510204081,12.816326530612244,48.8335233,2.3191194,0.1604750304506699,302.0,5.713732805509369,3,0,-1,3,0,1
Boscolo Milano Autograph Collection,7.9,7.658974358974359,1213.0,122.0,23.97948717948718,11.533333333333333,8.953846153846154,45.46676,9.194293,-0.34087078651685393,1335.0,7.197435354096591,1,0,-1,3,0,0
Boundary Rooms Suites,8.4,8.441666666666666,45.0,12.0,10.0,20.083333333333332,4.916666666666667,51.5244224,-0.0764614,0.32439678284182305,57.0,4.060443010546419,2,0,-1,3,0,1
Boutique H tel Konfidentiel,8.9,8.700000000000001,86.0,6.0,18.210526315789473,18.210526315789473,9.736842105263158,48.8612535,2.3426256,0.0,92.0,4.532599493153256,2,0,-1,3,0,1
Boutique Hotel Notting Hill,8.4,8.545053272450533,2085.0,404.0,20.910197869101978,19.908675799086758,4.9908675799086755,52.3583821,4.8988777,-0.02394904458598724,2489.0,7.820037989458753,0,0,0,0,0,0
Boutiquehotel Das Tyrol,9.4,9.497841726618706,501.0,53.0,7.553956834532374,24.56115107913669,9.43884892086331,48.2008957,16.3592496,0.5135781012383228,554.0,6.318968113746434,2,1,-1,1,0,1
Bradford Elys es Astotel,9.1,9.121951219512194,234.0,43.0,11.621951219512194,27.573170731707318,6.7317073170731705,48.8729676,2.3081178,0.3968446601941748,277.0,5.627621113690637,2,1,-1,1,0,1
Britannia International Hotel Canary Wharf,7.1,6.826644393401545,9086.0,2682.0,25.91125495928169,11.606180831071205,4.772395072040092,51.5019097,-0.0232208,-0.3713921717445517,11768.0,9.373224234877663,1,0,-1,0,0,0
Brunelleschi Hotel,8.3,8.137132352941178,3720.0,311.0,15.143382352941176,14.588235294117647,10.310661764705882,45.461177,9.191047,-0.01806436176576144,4031.0,8.302017809751204,3,0,0,1,0,0
Buddha Bar Hotel Paris,8.8,8.594871794871795,538.0,97.0,15.803418803418804,12.094017094017094,7.9914529914529915,48.8694695,2.3208564,-0.1283643892339545,635.0,6.455198563340122,0,0,-1,0,0,1
Bulgari Hotel London,9.3,9.529729729729729,169.0,62.0,7.5675675675675675,17.243243243243242,7.972972972972973,51.5015721,-0.1628511,0.3748691099476439,231.0,5.44673737166631,2,1,-1,1,0,1
Bulgari Hotel Milano,9.2,9.25294117647059,136.0,32.0,17.352941176470587,20.823529411764707,10.470588235294118,45.4701334,9.1897405,0.08858858858858865,168.0,5.1298987149230735,2,0,-1,3,0,1
COMO Metropolitan London,9.0,8.902797202797203,416.0,122.0,14.72027972027972,15.167832167832168,11.65034965034965,51.5050355,-0.1500864,0.014489472492642092,538.0,6.289715570908998,3,0,-1,3,0,1
COMO The Halkin,9.3,9.26896551724138,76.0,27.0,5.068965517241379,17.137931034482758,12.758620689655173,51.4988977,-0.1562015,0.5200594353640416,103.0,4.6443908991413725,2,1,-1,3,0,1
COQ Hotel Paris,9.0,9.140697674418606,1682.0,152.0,13.39922480620155,25.76356589147287,12.294573643410853,48.8328764,2.3572531,0.30785562632696395,1834.0,7.51479976048867,3,0,-1,1,0,1
Ca Bianca Hotel Corte Del Naviglio,7.7,7.390123456790124,1319.0,33.0,17.19753086419753,17.40740740740741,11.654320987654321,45.443502,9.1377081,0.0058945908460471584,1352.0,7.210079628170788,1,0,-1,3,0,0
Caesar Hotel,8.2,8.263722397476341,1164.0,207.0,16.78864353312303,17.324921135646687,6.788643533123029,51.5134603,-0.1833081,0.015272661935136064,1371.0,7.22402480828583,0,0,0,0,0,0
Camperio House Suites Apartments,8.9,9.082781456953642,567.0,67.0,12.920529801324504,20.509933774834437,11.052980132450331,45.466598,9.183064,0.22042700519330638,634.0,6.453624998892692,2,0,-1,1,0,1
Canal House,9.3,9.373369565217391,491.0,85.0,15.478260869565217,25.081521739130434,7.614130434782608,52.3763099,4.8862701,0.23107100823852492,576.0,6.3578422665081,2,1,0,1,0,1
Canary Riverside Plaza Hotel,8.9,8.935507246376812,310.0,122.0,13.253623188405797,18.753623188405797,6.942028985507246,51.5066991,-0.0280208,0.16663007683863887,432.0,6.07073772800249,2,1,0,1,0,1
Capri by Fraser Barcelona,8.8,8.752123552123553,2988.0,289.0,15.704633204633204,23.46718146718147,7.629343629343629,41.3976233,2.188975,0.19323369695804704,3277.0,8.094988759303774,0,1,0,1,0,1
Carlyle Brera Hotel,8.2,8.245922746781115,1969.0,176.0,12.832618025751072,15.583690987124463,13.725321888412017,45.4769923,9.1844899,0.0935220309308433,2145.0,7.671360923190644,3,0,-1,1,0,0
Castille Paris Starhotels Collezione,8.7,8.630674846625766,808.0,117.0,18.0920245398773,16.754601226993866,9.190184049079754,48.8682978,2.3268027,-0.03730960123224367,925.0,6.8308742346461795,3,0,0,0,0,1
Catalonia Atenas,7.9,8.068991517436382,6792.0,541.0,20.555136663524976,20.311027332704995,4.498586239396795,41.4110056,2.1866009,-0.005830706888788832,7333.0,8.900276348631271,0,0,-1,0,0,0
Catalonia Barcelona 505,8.2,8.19,1013.0,78.0,18.130769230769232,18.46923076923077,7.107692307692307,41.4034965,2.1370426,0.009001636661211097,1091.0,6.9957661563048505,0,0,0,0,0,0
Catalonia Barcelona Plaza,8.4,8.308154506437768,4527.0,419.0,23.064377682403432,19.184549356223176,6.488197424892704,41.3750293,2.1491172,-0.08970923886077203,4946.0,8.506536611227709,0,0,0,0,0,0
Catalonia Born,8.8,8.811161731207289,2094.0,211.0,15.981776765375853,22.940774487471526,6.330296127562642,41.3896916,2.1798661,0.17431245007417553,2305.0,7.743269700829004,0,1,0,1,0,1
Catalonia Catedral,9.2,9.245901639344263,1914.0,247.0,12.692622950819672,20.83811475409836,6.76844262295082,41.3846637,2.1740902,0.23589104504183728,2161.0,7.6787889981991535,2,1,0,1,0,1
Catalonia Diagonal Centro,8.1,8.003658536585366,1918.0,143.0,18.365853658536587,16.211382113821138,6.162601626016261,41.3938632,2.1568039,-0.060557586837294376,2061.0,7.631431664576906,0,0,0,0,0,0
Catalonia Eixample 1864,8.3,8.308177570093457,2372.0,237.0,22.630841121495326,18.310747663551403,7.105140186915888,41.393599,2.1684151,-0.10300261823853818,2609.0,7.867105500316739,0,0,0,0,0,0
Catalonia La Pedrera,8.4,8.513548387096774,1135.0,115.0,16.903225806451612,19.361290322580643,6.058064516129032,41.3986093,2.1625037,0.06596260387811631,1250.0,7.1316985104669115,0,0,0,0,0,0
Catalonia Magdalenes,9.4,9.561414790996784,1108.0,116.0,11.488745980707396,29.565916398713828,6.279742765273312,41.3861283,2.1745291,0.4298493768636746,1224.0,7.110696122978827,2,1,0,1,0,1
Catalonia Park Putxet,7.4,7.412217194570135,3590.0,258.0,25.414027149321267,17.84389140271493,5.357466063348416,41.4072812,2.1443116,-0.17104590532665373,3848.0,8.255568653283746,1,0,-1,0,0,0
Catalonia Passeig de Gr cia 4 Sup,9.2,9.2388,2116.0,257.0,12.188,22.586,7.27,41.3901396,2.1696699,0.29065801979090955,2373.0,7.772331575169614,2,1,0,1,0,1
Catalonia Plaza Catalunya,8.6,8.675103734439833,4153.0,434.0,16.599585062240664,19.238589211618258,6.227178423236515,41.3865289,2.1682919,0.071637756251408,4587.0,8.431199478249262,0,0,0,0,0,1
Catalonia Port,8.8,9.119101123595506,701.0,95.0,13.98876404494382,25.297752808988765,8.067415730337078,41.378751,2.17873,0.28071398689164695,796.0,6.680854678790215,2,1,0,1,0,1
Catalonia Ramblas 4 Sup,8.6,8.668314606741573,4276.0,532.0,18.62808988764045,16.389887640449437,5.568539325842696,41.3856387,2.1668274,-0.06214125280758674,4808.0,8.478244441277663,0,0,0,0,0,0
Catalonia Rigoletto,8.6,8.418411552346571,1562.0,147.0,13.862815884476534,16.505415162454874,8.328519855595667,41.385817,2.1256789,0.0842444470019565,1709.0,7.444248649496705,0,0,0,1,0,1
Catalonia Square 4 Sup,9.4,9.476887871853545,1711.0,198.0,9.745995423340961,26.361556064073227,7.553775743707094,41.3885658,2.1712991,0.4477676369018254,1909.0,7.554858521040676,2,1,0,1,0,1
Ch teau Monfort Relais Ch teaux,9.0,8.973127753303965,1053.0,159.0,14.198237885462555,17.986784140969164,11.674008810572687,45.4682358,9.2073799,0.11416434355502457,1212.0,7.10085190894405,3,0,-1,1,0,1
Chambiges Elys es,8.9,8.9139896373057,858.0,122.0,10.176165803108809,18.145077720207254,6.523316062176166,48.8668048,2.3039465,0.2717794663368086,980.0,6.8885724595653635,2,1,0,1,0,1
Charlotte Street Hotel,9.5,9.488652482269504,319.0,88.0,11.50354609929078,21.81560283687943,7.638297872340425,51.5184158,-0.1348509,0.3004753048150444,407.0,6.0112671744041615,2,1,0,1,0,1
Chasse Hotel,8.9,9.014388489208633,404.0,57.0,18.892086330935253,26.345323741007196,6.338129496402877,52.3696719,4.8614475,0.16119495876769876,461.0,6.135564891081739,2,1,0,1,0,1
Chateau Frontenac,8.5,8.542021276595746,858.0,189.0,11.436170212765957,13.122340425531915,6.154255319148936,48.8689468,2.3026559,0.06597294484911555,1047.0,6.954638864880987,0,0,0,0,0,1
Chiswick Rooms,7.8,7.855555555555555,882.0,256.0,17.92105263157895,14.839181286549708,6.318713450292398,51.4937409,-0.244896,-0.09128702580980427,1138.0,7.037905963447182,1,0,0,0,0,0
City Hotel Deutschmeister,8.0,8.121505376344086,675.0,44.0,18.204301075268816,20.473118279569892,6.311827956989247,,,0.05718157181571818,719.0,6.579251212010101,0,0,0,0,0,0
City Rooms,7.9,7.625,414.0,35.0,25.704545454545453,19.25,3.75,48.2133296,16.3471399,-0.14045499505440157,449.0,6.1092475827643655,1,0,-1,3,0,0
Claridge s,9.3,9.343949044585987,293.0,71.0,14.955414012738853,18.656050955414013,6.974522292993631,51.5125035,-0.1477438,0.10691939639308064,364.0,5.8998973535824915,2,1,0,0,0,1
Claris Hotel Spa GL,8.6,8.692982456140351,931.0,154.0,19.114035087719298,19.05263157894737,7.1535087719298245,41.3944848,2.1651078,-0.0015677491601343322,1085.0,6.990256500493881,0,0,0,0,0,1
Clayton Crown Hotel London,8.0,7.995088044485636,2491.0,512.0,23.02224281742354,17.025023169601482,4.977757182576459,51.5561548,-0.2141824,-0.1461052156242944,3003.0,8.007700012884026,0,0,0,0,0,0
Clayton Hotel Chiswick,8.5,8.475162689804772,1944.0,562.0,19.939262472885034,16.662689804772235,6.8058568329718,51.4924184,-0.2784701,-0.08713836568692493,2506.0,7.826842098158293,0,0,0,0,0,0
Club Hotel Cortina,8.2,8.1203125,734.0,63.0,14.09375,19.34375,6.0,48.1877942,16.2727214,0.15245009074410162,797.0,6.682108597449809,0,0,-1,3,0,0
Club Quarters Hotel Gracechurch,8.2,8.286219401631914,2996.0,764.0,16.11876699909338,17.46418857660925,8.13689936536718,51.5127964,-0.0847973,0.038904181413029294,3760.0,8.232440158470336,0,0,0,0,0,0
Club Quarters Hotel Lincoln s Inn Fields,8.9,9.022300263388937,2692.0,681.0,11.745390693590869,19.540825285338016,8.611940298507463,51.5160988,-0.1181749,0.24144776200576495,3373.0,8.123854263105914,2,1,0,1,0,1
Club Quarters Hotel St Paul s,8.4,8.468244084682441,4117.0,918.0,16.014321295143212,17.724159402241593,8.937733499377336,51.5139298,-0.101126,0.04922029037461912,5035.0,8.524367395164237,3,0,-1,1,0,0
Club Quarters Hotel Trafalgar Square,8.5,8.571111111111112,2494.0,602.0,15.866666666666667,17.42222222222222,8.086772486772487,51.506935,-0.126012,0.045366169799092616,3096.0,8.038189179973203,0,1,0,0,0,0
Col n Hotel Barcelona,8.9,8.872979797979797,1300.0,170.0,17.623737373737374,21.282828282828284,5.590909090909091,41.3849613,2.1756666,0.09169145099031831,1470.0,7.293697720601438,0,1,0,0,0,1
Colombia,8.3,8.167333333333334,1114.0,74.0,12.74,19.02,13.52,45.4829817,9.2041911,0.19169719169719168,1188.0,7.080867896690782,3,0,-1,3,0,1
Comfort Inn Suites Kings Cross St Pancras,8.1,8.12239819004525,1116.0,219.0,18.346153846153847,17.506787330316744,7.418552036199095,51.5289499,-0.1232979,-0.02277610657498922,1335.0,7.197435354096591,0,0,0,0,0,0
Commodore Hotel,6.7,6.554354669464848,2400.0,417.0,32.8604407135362,13.065057712486883,6.091290661070304,51.5124496,-0.1795215,-0.42184704830053665,2817.0,7.943782692458625,1,0,-1,0,4,0
Condes de Barcelona,8.7,8.661216730038023,1319.0,163.0,18.539923954372625,17.125475285171103,7.7908745247148286,41.3935497,2.1627098,-0.038577206263610955,1482.0,7.301822342137932,0,0,0,0,0,1
Conrad London St James,9.1,9.043016759776537,944.0,242.0,14.659217877094973,16.64245810055866,6.567039106145251,51.4993927,-0.1329128,0.061397440332065026,1186.0,7.079184394609668,2,1,0,0,0,1
Conservatorium Hotel,9.2,9.215942028985507,592.0,115.0,18.340579710144926,19.42753623188406,8.543478260869565,52.358631,4.8786236,0.02803738317757015,707.0,6.56244409369372,2,1,0,0,0,1
Copthorne Tara Hotel London Kensington,8.1,8.094296896840929,7105.0,1831.0,18.801230081073527,13.996086105675147,5.6452334358400895,51.499046,-0.1917073,-0.14217531205280706,8936.0,9.097955241381392,0,0,-1,0,0,0
Cordial Theaterhotel Wien,8.4,8.719298245614034,422.0,39.0,20.333333333333332,22.92982456140351,7.859649122807017,,,0.0586603250099089,461.0,6.135564891081739,0,1,0,3,0,1
Corendon Vitality Hotel Amsterdam,8.4,8.552178533475027,4410.0,555.0,20.392136025504783,19.97874601487779,4.910733262486716,52.3466449,4.8310984,-0.009992293860775789,4965.0,8.510369966068112,0,0,0,0,0,0
Corinthia Hotel London,9.4,9.486854460093896,520.0,157.0,16.788732394366196,22.323943661971832,8.258215962441314,51.5045583,-0.1262584,0.1379915730337079,677.0,6.519147287940395,2,1,-1,0,0,1
Corus Hotel Hyde Park,7.6,7.520107719928187,2562.0,452.0,23.477558348294433,13.540394973070018,7.51346499102334,51.5119446,-0.179939,-0.26138080846241024,3014.0,8.011355109161286,1,0,-1,0,0,0
Cotton House Hotel Autograph Collection,8.8,8.364583333333334,156.0,34.0,29.0625,21.520833333333332,4.770833333333333,41.3915897,2.1720108,-0.1462035541195477,190.0,5.25227342804663,0,0,-1,3,0,0
Courthouse Hotel London,8.0,7.869780853517878,1786.0,355.0,26.20069204152249,14.60553633217993,5.319492502883507,51.5143624,-0.1394483,-0.27735474259228604,2141.0,7.669495251007694,1,0,0,0,0,0
Courthouse Hotel Shoreditch,8.9,8.82972972972973,477.0,144.0,28.1003861003861,22.362934362934364,5.084942084942085,51.5273442,-0.0796152,-0.11148623302573332,621.0,6.432940092739179,0,1,-1,0,0,1
Courtyard by Marriott Amsterdam Arena Atlas,8.4,8.5178674351585,2179.0,237.0,17.138328530259365,15.717579250720462,7.1469740634005765,52.3101182,4.9472918,-0.04196458971739865,2416.0,7.790282380703483,0,0,0,0,0,0
Courtyard by Marriott Vienna Prater Messe,8.7,8.544502617801047,1766.0,180.0,16.591623036649214,17.539267015706805,10.026178010471204,48.2130607,16.4133973,0.026974664679582712,1946.0,7.5740450053721995,3,0,0,1,0,1
Courtyard by Marriott Vienna Schoenbrunn,8.3,8.214893617021277,625.0,42.0,21.340425531914892,19.26595744680851,12.638297872340425,48.184732,16.3211959,-0.04985937100485807,667.0,6.504288173536645,3,0,-1,1,0,0
Covent Garden Hotel,9.4,9.587837837837839,158.0,46.0,14.067567567567568,21.87837837837838,7.45945945945946,51.5145986,-0.1270336,0.2114118507681053,204.0,5.3230099791384085,2,1,-1,3,0,1
Cram,8.5,8.708805031446541,778.0,100.0,16.0125786163522,17.943396226415093,8.968553459119496,41.3880549,2.1599602,0.05523569629363078,878.0,6.778784897685177,3,1,0,1,0,1
Crowne Plaza Amsterdam South,9.0,9.070149253731344,1349.0,203.0,12.921641791044776,24.51865671641791,8.07089552238806,52.3357326,4.8743947,0.30168899242865466,1552.0,7.347943823148687,2,1,0,1,0,1
Crowne Plaza Barcelona Fira Center,8.8,9.001666666666667,494.0,54.0,13.983333333333333,17.608333333333334,6.483333333333333,41.3725246,2.1540788,0.11122475070314503,548.0,6.3080984415095305,2,1,0,0,0,1
Crowne Plaza London Battersea,8.8,8.748896434634975,1071.0,301.0,20.937181663837013,19.480475382003394,4.548387096774194,51.4689559,-0.1787256,-0.03517114162738271,1372.0,7.224753405767971,0,0,0,0,0,1
Crowne Plaza London Docklands,8.8,8.796960101329956,2768.0,879.0,18.02786573780874,17.297656744775175,4.032298923369221,51.5083537,0.0198855,-0.020101816660274024,3647.0,8.201934351194222,0,1,-1,0,0,1
Crowne Plaza London Ealing,8.5,8.505811138014527,944.0,335.0,14.828087167070217,16.634382566585955,5.445520581113802,51.5403942,-0.3697581,0.055642574774371595,1279.0,7.154615356913663,0,0,0,0,0,0
Crowne Plaza London Kensington,8.7,8.64360655737705,743.0,176.0,15.859016393442623,19.59344262295082,7.111475409836066,51.495179,-0.183827,0.10244648318042816,919.0,6.824373670043086,0,1,0,1,0,1
Crowne Plaza London Kings Cross,8.1,7.958291956305859,2312.0,628.0,21.141012909632572,13.945382323733863,5.482621648460775,51.5263854,-0.1136042,-0.1994000935633892,2940.0,7.9865049385539955,0,0,0,0,0,0
Crowne Plaza London The City,8.6,8.759345794392523,488.0,126.0,13.906542056074766,16.55607476635514,5.224299065420561,51.5122429,-0.1045036,0.08421208970741131,614.0,6.421622267806518,0,1,0,0,0,1
Crowne Plaza Milan City,8.5,8.417834394904459,838.0,121.0,13.573248407643312,18.75796178343949,11.955414012738853,45.4896727,9.2006406,0.1555513090005733,959.0,6.866933284461882,3,0,0,1,0,1
Crowne Plaza Paris R publique,8.0,8.004716981132075,1053.0,141.0,16.443396226415093,13.349056603773585,6.297169811320755,48.8673199,2.3656296,-0.10049019607843132,1194.0,7.085901464365611,0,0,0,0,0,0
D clic Hotel,8.8,8.957627118644067,360.0,21.0,13.338983050847459,19.89830508474576,11.11864406779661,48.8908018,2.3380204,0.19158415841584153,381.0,5.945420608606575,2,0,-1,1,0,1
DO CO Hotel Vienna,9.0,8.965584415584416,720.0,81.0,14.551948051948052,16.33116883116883,9.493506493506494,48.2082385,16.3715725,0.05580448065173115,801.0,6.687108607866515,2,1,0,0,0,1
Danubius Hotel Regents Park,8.1,8.127824620573357,1294.0,362.0,16.763912310286678,14.431703204047217,7.686340640809443,51.529257,-0.168358,-0.07243871778755501,1656.0,7.4127640174265625,0,0,0,0,0,0
Das Opernring Hotel,8.9,9.050717703349282,1267.0,105.0,11.301435406698564,21.94736842105263,10.91866028708134,48.2026449,16.3671054,0.31084101704386696,1372.0,7.224753405767971,2,1,-1,1,0,1
Das Triest Hotel,8.1,8.045238095238094,275.0,28.0,18.738095238095237,15.619047619047619,12.333333333333334,48.1974036,16.3673003,-0.0882154882154882,303.0,5.717027701406222,3,0,-1,3,0,0
De L Europe Amsterdam,9.1,9.048905109489052,551.0,95.0,19.306569343065693,17.766423357664234,8.072992700729927,52.3678779,4.8948936,-0.040452453987730036,646.0,6.472346294500901,2,1,-1,0,0,1
De Vere Devonport House,8.2,8.199026548672567,1827.0,484.0,18.67699115044248,16.369911504424778,6.578761061946903,51.480672,-0.0071375,-0.06400216041047806,2311.0,7.7458682297922685,0,0,0,0,0,0
Der Wilhelmshof,8.8,8.782283464566929,1793.0,122.0,12.291338582677165,22.96456692913386,8.38976377952756,48.2185837,16.3881339,0.29438592681072867,1915.0,7.557994958530806,2,1,-1,1,0,1
Derag Livinghotel Kaiser Franz Joseph Vienna,8.0,7.9714285714285715,1496.0,115.0,19.142857142857142,16.45578231292517,8.646258503401361,,,-0.07342007434944238,1611.0,7.385230923066573,0,0,0,0,0,0
Derby Alma,8.9,9.053571428571429,509.0,74.0,13.9,23.007142857142856,7.985714285714286,48.8605031,2.3006606,0.24024872809496886,583.0,6.369900982828227,2,1,0,1,0,1
Dikker en Thijs Fenice Hotel,8.4,8.608471454880293,1971.0,278.0,15.534069981583794,19.920810313075506,6.311233885819521,52.364971,4.8839827,0.12033341752967917,2249.0,7.718685495198466,0,0,0,0,0,1
Dorset Square Hotel,9.0,9.013821138211382,263.0,61.0,16.910569105691057,19.45528455284553,8.317073170731707,51.5226361,-0.1602871,0.06810269799825941,324.0,5.783825182329737,2,1,0,0,0,1
Dorsett Shepherds Bush,8.6,8.618641390205372,2890.0,690.0,20.677725118483412,19.51421800947867,9.928909952606634,51.5039399,-0.2244232,-0.028245987459011704,3580.0,8.183397369998433,3,0,0,1,0,0
DoubleTree By Hilton London Excel,8.4,8.44870218579235,2726.0,853.0,17.762978142076502,17.71106557377049,4.746584699453552,51.507377,0.038657,-0.0014232742799356012,3579.0,8.183118079394745,0,0,0,0,0,0
DoubleTree By Hilton Milan,8.1,7.7024390243902445,277.0,20.0,29.390243902439025,13.439024390243903,14.487804878048781,45.5005657,9.1383663,-0.3639398998330551,297.0,5.697093486505405,3,0,-1,2,1,0
DoubleTree by Hilton Amsterdam Centraal Station,8.4,8.523684210526316,3911.0,803.0,17.279106858054227,17.147527910685806,6.62200956937799,52.376752,4.904618,-0.00371412492965673,4714.0,8.458504195067558,0,0,0,0,0,0
DoubleTree by Hilton Hotel Amsterdam NDSM Wharf,8.2,8.09871794871795,1593.0,170.0,24.903846153846153,19.618589743589745,5.955128205128205,52.4001813,4.8936653,-0.11610223192283317,1763.0,7.475339236566737,0,0,0,0,0,0
DoubleTree by Hilton Hotel London Marble Arch,8.1,7.970823529411764,1290.0,255.0,17.35764705882353,12.371764705882352,6.171764705882353,51.514573,-0.15666,-0.16225114854517617,1545.0,7.343426229147367,0,0,0,0,0,0
DoubleTree by Hilton Hotel London Tower of London,8.7,8.662764632627646,7491.0,1936.0,17.841843088418432,15.585616438356164,4.36706102117061,51.5108412,-0.0780581,-0.06553567068483741,9427.0,9.151439264056021,0,0,-1,0,0,0
DoubleTree by Hilton London Chelsea,8.3,8.397272727272727,1181.0,360.0,15.976363636363637,14.707272727272727,5.867272727272727,51.475172,-0.1870629,-0.04005509009525997,1541.0,7.340835554123275,0,0,0,0,0,0
DoubleTree by Hilton London Docklands Riverside,8.1,8.063390777829529,3826.0,995.0,26.396367023754074,17.03027480204937,3.665114112715417,51.5043483,-0.0334436,-0.21082152142917054,4821.0,8.480944058741116,0,0,-1,0,0,0
DoubleTree by Hilton London Ealing,8.4,8.328970588235293,1494.0,434.0,17.685294117647057,16.60735294117647,5.614705882352941,51.511521,-0.290706,-0.030542939289137056,1928.0,7.564757012905729,0,0,0,0,0,0
DoubleTree by Hilton London Hyde Park,8.4,8.454391534391535,2405.0,459.0,17.20740740740741,16.76931216931217,6.478306878306879,51.5100362,-0.190657,-0.012525338093365259,2864.0,7.9603236291488395,0,0,0,0,0,0
DoubleTree by Hilton London Islington,8.6,8.683938393839384,2277.0,685.0,15.227722772277227,15.93949394939494,5.288228822882288,51.5322508,-0.1095714,0.022127222982216182,2962.0,7.993957547573565,0,0,0,0,0,0
DoubleTree by Hilton London Victoria,8.4,8.442238946378176,2902.0,660.0,17.024459078080902,15.700846660395108,5.0620884289746,51.49398,-0.143372,-0.039246861924686176,3562.0,8.178358165605836,0,0,0,0,0,0
DoubleTree by Hilton London West End,8.3,8.278401727861771,1774.0,429.0,17.616630669546435,14.81425485961123,4.139308855291577,51.5201065,-0.1221393,-0.0838259521271441,2203.0,7.698029170272805,0,0,0,0,0,0
DoubleTree by Hilton London Westminster,8.5,8.490748189863234,3269.0,807.0,17.674175382139985,15.827031375703942,4.671761866452132,51.4932356,-0.1269082,-0.053538533286697006,4076.0,8.313116702819253,0,0,0,0,0,0
Doubletree By Hilton London Greenwich,8.8,8.771604938271604,1805.0,487.0,18.333333333333332,18.713991769547324,5.041152263374485,51.474469,-0.019428,0.010004867232707798,2292.0,7.737616282857904,0,0,0,0,0,1
Doubletree by Hilton London Kensington,8.0,7.969375619425174,2367.0,541.0,23.526263627353817,13.945490584737364,6.265609514370664,51.4925138,-0.1787917,-0.24903395332062445,2908.0,7.975564658495202,1,0,0,0,0,0
Drawing Hotel,8.9,9.414285714285715,67.0,5.0,19.571428571428573,30.0,5.571428571428571,48.8644382,2.3359148,0.2062146892655367,72.0,4.290459441148391,2,1,-1,3,0,1
Draycott Hotel,9.2,9.076744186046513,245.0,48.0,12.829457364341085,20.015503875968992,9.5968992248062,51.4930097,-0.159715,0.21232249198350894,293.0,5.683579767338681,2,1,-1,3,0,1
Dukes Hotel,8.6,8.80135135135135,210.0,57.0,20.14864864864865,13.864864864864865,5.418918918918919,51.5055381,-0.1396885,-0.17946738710922425,267.0,5.5909869805108565,0,0,-1,3,0,1
Duquesa Suites Barcelona,9.1,9.203914590747331,946.0,117.0,16.676156583629894,24.846975088967973,6.701067615658363,41.3810421,2.1814294,0.19214997070884593,1063.0,6.96979066990159,2,1,0,0,0,1
Duquesa de Cardona,8.9,9.024621212121213,904.0,156.0,14.954545454545455,20.518939393939394,5.511363636363637,41.3798658,2.1805271,0.15255997507529337,1060.0,6.966967138613983,2,1,0,0,0,1
Duret,8.4,8.586842105263159,167.0,16.0,11.763157894736842,12.421052631578947,5.921052631578948,48.8752553,2.286653,0.02612330198537092,183.0,5.214935757608986,0,0,-1,3,0,1
Durrants Hotel,8.1,8.001928374655646,1411.0,353.0,20.480716253443525,14.705234159779614,8.25068870523416,51.5179386,-0.1529794,-0.15960564881428188,1764.0,7.475905969367397,0,0,0,0,0,0
Dutch Design Hotel Artemis,7.9,7.920833333333333,2167.0,350.0,24.41898148148148,16.84722222222222,4.173611111111111,52.3417894,4.824952,-0.1791445314639356,2517.0,7.831220214604293,1,0,0,0,0,0
Eccleston Square Hotel,8.5,8.298255813953489,369.0,82.0,20.13372093023256,16.22093023255814,7.982558139534884,51.4911924,-0.1449474,-0.1047470817120623,451.0,6.113682179832232,0,0,0,0,0,0
Edouard 7 Paris Op ra,9.1,9.074456521739132,798.0,80.0,11.820652173913043,23.190217391304348,8.978260869565217,48.8683133,2.3330851,0.3157259281617869,878.0,6.778784897685177,2,1,0,1,0,1
Egerton House,9.3,9.519736842105264,199.0,43.0,6.118421052631579,18.36842105263158,8.394736842105264,51.4968406,-0.1675498,0.4806401652039236,242.0,5.493061443340548,2,1,-1,1,0,1
Eiffel Trocad ro,8.0,7.99921875,435.0,46.0,23.203125,17.90625,5.234375,48.8613055,2.2862823,-0.12578849721706864,481.0,6.1779441140506,1,0,0,0,0,0
Element Amsterdam,8.9,8.871476510067113,1369.0,161.0,23.27181208053691,25.70469798657718,6.016778523489933,52.3312406,4.8774466,0.0486805881957967,1530.0,7.333676395657684,0,1,0,0,0,1
Elys es R gencia,8.2,8.178260869565216,1100.0,160.0,13.554347826086957,16.6268115942029,8.173913043478262,48.8686434,2.2984054,0.09853590518243084,1260.0,7.13966033596492,0,0,0,1,0,0
Enterprise Hotel Design Boutique,8.5,8.753813559322035,1686.0,122.0,17.059322033898304,22.8135593220339,12.525423728813559,45.4867005,9.1575137,0.1407837445573295,1808.0,7.500529485395295,3,0,0,1,0,1
Etoile Saint Ferdinand,8.3,8.337373737373737,560.0,55.0,15.969696969696969,21.92929292929293,8.353535353535353,48.8777895,2.2872498,0.15320695923136854,615.0,6.423246963533519,0,1,0,1,0,1
Eurohotel Diagonal Port,7.0,6.809615384615385,334.0,24.0,22.73076923076923,13.557692307692308,7.384615384615385,41.4006708,2.2087844,-0.2460030943785456,358.0,5.883322388488279,1,0,-1,3,0,0
Eurostars Angli,8.3,8.237662337662337,847.0,50.0,18.415584415584416,17.428571428571427,7.974025974025974,41.4031654,2.1231637,-0.026788861473387427,897.0,6.8001700683022,0,0,0,0,0,0
Eurostars Bcn Design,8.3,8.23970588235294,1601.0,172.0,18.683823529411764,16.761029411764707,6.4375,41.3907208,2.1660732,-0.05275900332896195,1773.0,7.480992162869525,0,0,0,0,0,0
Eurostars Cristal Palace,8.2,7.941818181818181,3046.0,221.0,19.51688311688312,15.384415584415585,7.176623376623376,41.3897945,2.1660575,-0.11510635219215745,3267.0,8.091933455979893,0,0,0,0,0,0
Eurostars Embassy,8.4,8.384415584415585,1442.0,99.0,16.792207792207794,19.12987012987013,9.077922077922079,48.1964001,16.3958668,0.06331340133661623,1541.0,7.340835554123275,3,0,0,1,0,0
Eurostars Grand Marina Hotel GL,8.5,8.448059149722734,4559.0,666.0,20.768022181146026,15.308687615526802,6.7467652495378925,41.371308,2.181698,-0.14724431039210312,5225.0,8.561401446080557,0,0,-1,0,0,0
Eurostars Monumental,8.3,8.212264150943396,1382.0,105.0,21.17924528301887,22.84433962264151,4.886792452830188,41.4006653,2.1787089,0.03698271346254582,1487.0,7.305188215393037,0,0,0,0,0,0
Eurostars Ramblas,8.2,8.274193548387096,1878.0,223.0,15.836021505376344,12.631720430107526,5.626344086021505,41.3780983,2.1762005,-0.10873928115307428,2101.0,7.650644551436897,0,0,0,0,0,0
Evenia Rossello,8.2,8.216091954022989,690.0,37.0,14.114942528735632,14.873563218390805,7.045977011494253,41.3920254,2.1554675,0.02529704867765428,727.0,6.590301048196686,0,0,0,0,0,0
Excelsior Hotel Gallia Luxury Collection Hotel,9.4,9.468387096774192,1345.0,185.0,11.329032258064515,22.219354838709677,9.816129032258065,45.4857027,9.2020127,0.3152194211017741,1530.0,7.333676395657684,2,1,0,1,0,1
Exe Laietana Palace,7.9,7.848820754716981,2045.0,177.0,23.327830188679247,15.523584905660377,6.42688679245283,41.3833541,2.1794038,-0.19583357992543063,2222.0,7.706612913964197,1,0,0,0,0,0
Exe Vienna,7.7,7.693447293447294,2667.0,201.0,26.299145299145298,18.253561253561255,9.0,48.2149414,16.3365285,-0.1766214272312214,2868.0,7.9617188159813645,1,0,1,0,0,0
Expo Hotel Barcelona,7.6,7.765341614906832,4646.0,390.0,20.273291925465838,17.90807453416149,8.218633540372672,41.3792053,2.1427989,-0.06036587299071052,5036.0,8.52456594574565,1,0,-1,0,0,0
Fairmont Rey Juan Carlos I,8.3,8.255837563451777,1068.0,105.0,22.32994923857868,22.406091370558375,7.7360406091370555,41.3835246,2.1096141,0.0016648168701442478,1173.0,7.068172000388042,0,0,0,0,0,0
Falkensteiner Hotel Wien Margareten,8.9,8.641916167664672,1218.0,84.0,18.646706586826348,20.682634730538922,12.994011976047904,48.1868107,16.3440157,0.05048255382331105,1302.0,7.172424577124845,3,0,-1,1,0,1
Falkensteiner Hotel Wien Zentrum Schottenfeld,8.3,8.389473684210527,977.0,69.0,19.389473684210525,17.873684210526317,10.25263157894737,48.2048494,16.343618,-0.039614855570839,1046.0,6.953684210870537,3,0,0,1,0,0
Fielding Hotel,8.7,8.78281036834925,1271.0,294.0,12.663028649386085,19.901773533424283,6.6521145975443385,51.5139315,-0.1219893,0.21566475633052876,1565.0,7.356279876550748,2,1,0,1,0,1
Fifty Four Boutique Hotel,8.2,8.271935483870969,684.0,161.0,18.22258064516129,16.783870967741937,7.290322580645161,51.4963008,-0.1796853,-0.03995699695395087,845.0,6.740519359606223,0,0,0,0,0,0
First Hotel Paris Tour Eiffel,8.3,8.287500000000001,275.0,54.0,21.291666666666668,19.98611111111111,4.527777777777778,48.8475112,2.3022198,-0.030880420499343007,329.0,5.799092654460526,0,0,-1,3,0,0
Fleming s Conference Hotel Wien,8.5,8.3165991902834,2080.0,108.0,20.477732793522268,18.178137651821864,11.882591093117409,48.1995177,16.3388225,-0.057988769780500236,2188.0,7.691200097522863,3,0,-1,1,0,0
Fleming s Selection Hotel Wien City,8.3,8.147720364741641,3672.0,333.0,22.800911854103344,16.486322188449847,12.006079027355623,,,-0.15673922064204612,4005.0,8.295548516225763,3,0,-1,1,0,0
Flemings Mayfair,8.7,8.677154308617233,1161.0,289.0,18.949899799599198,16.044088176352705,8.673346693386774,51.5064607,-0.1454198,-0.08073047157730638,1450.0,7.280008252884188,0,0,0,0,0,1
Fletcher Hotel Amsterdam,7.8,7.627946127946128,3773.0,315.0,28.873737373737374,17.643097643097644,9.691919191919192,52.2924567,4.9444338,-0.23635075287865367,4088.0,8.316055720364643,1,0,-1,1,0,0
Forest Hill Paris la Villette,7.6,7.392887029288703,2740.0,151.0,21.606694560669457,15.815899581589958,7.556485355648536,48.8969854,2.3852745,-0.15071327452902103,2891.0,7.969703583278656,1,0,-1,0,0,0
Four Points Sheraton Milan Center,8.2,8.266911764705881,740.0,76.0,15.676470588235293,17.272058823529413,9.294117647058824,45.4851889,9.198015,0.047000216590859914,816.0,6.705639094860003,3,0,0,1,0,0
Four Seasons Hotel George V Paris,9.3,9.48181818181818,450.0,110.0,8.49586776859504,18.479338842975206,4.859504132231405,48.8687512,2.3001692,0.3568685376661743,560.0,6.329720905522696,2,1,-1,1,0,1
Four Seasons Hotel London at Park Lane,9.3,9.370329670329669,361.0,102.0,8.252747252747254,17.63736263736264,6.648351648351649,51.504439,-0.149911,0.3489987740089906,463.0,6.139884552226255,2,1,0,1,0,1
Four Seasons Hotel Milano,9.1,8.788636363636364,221.0,46.0,20.795454545454547,11.386363636363637,6.5227272727272725,45.469339,9.195108,-0.28356164383561644,267.0,5.5909869805108565,0,0,-1,3,0,1
FourSide Hotel Suites Vienna,8.6,8.524545454545455,1146.0,76.0,14.590909090909092,17.345454545454544,11.818181818181818,48.2565936,16.4031426,0.0836323488821418,1222.0,7.109062135687172,3,0,0,1,0,1
FourSide Hotel Vienna City Center,8.1,7.88670520231214,1284.0,105.0,20.953757225433527,14.867052023121387,13.93063583815029,48.1825159,16.3322428,-0.16530612244897963,1389.0,7.237059026124737,3,0,-1,1,0,0
Francois 1er,8.7,8.733823529411765,603.0,79.0,11.955882352941176,14.286764705882353,7.0,48.8701887,2.2997281,0.08556005398110665,682.0,6.52649485957079,0,1,0,0,0,1
Franklin Roosevelt,8.6,8.836363636363636,402.0,70.0,14.75,16.84090909090909,6.886363636363637,48.8678432,2.3033075,0.0641562064156206,472.0,6.159095388491933,2,1,0,0,0,1
Gainsborough Hotel,6.9,6.676332094175961,1884.0,234.0,31.52168525402726,13.77447335811648,5.333333333333333,51.4948416,-0.1772056,-0.38334091699900963,2118.0,7.6586995582682995,1,0,-1,0,4,0
Gallery Hotel,9.1,9.127155172413794,953.0,115.0,16.021551724137932,22.03448275862069,6.892241379310345,41.3949242,2.1593099,0.153956516940735,1068.0,6.974478911025045,2,1,0,0,0,1
Garden Elys e,8.5,8.404,378.0,73.0,16.986666666666668,14.16,8.48,48.8663444,2.2881979,-0.08793031936955624,451.0,6.113682179832232,0,0,0,0,0,0
Gardette Park Hotel,8.2,8.141340782122905,1011.0,89.0,17.519553072625698,21.77094972067039,9.966480446927374,48.8610265,2.3788974,0.10551858014420412,1100.0,7.00397413672268,3,0,0,1,0,0
Gartenhotel Altmannsdorf Hotel 1,8.0,8.28,235.0,11.0,8.0,10.55,13.25,48.1640345,16.3216061,0.13043478260869568,246.0,5.5093883366279774,3,0,-1,3,0,1
Georgian House Hotel,8.4,8.359451219512195,918.0,120.0,22.182926829268293,20.350609756097562,5.978658536585366,51.490724,-0.143868,-0.04208978219763288,1038.0,6.946013991099227,0,0,0,0,0,0
Glam Milano,8.8,8.715880149812735,7371.0,639.0,19.23295880149813,22.534082397003747,11.56629213483146,45.4838504,9.2034067,0.07718849616422042,8010.0,8.988570876215118,3,1,-1,1,0,1
Golden Tulip Amsterdam Riverside,7.5,7.409288537549407,2362.0,245.0,29.18774703557312,17.209486166007906,5.5810276679841895,52.3154533,4.9962997,-0.2527206771463119,2607.0,7.866338923046544,1,0,5,0,0,0
Golden Tulip Amsterdam West,8.5,8.549584816132858,7586.0,914.0,18.18208778173191,20.515421115065244,4.9543297746144725,52.385601,4.8470597,0.058777827581054896,8500.0,9.04793908261736,0,0,-1,0,0,0
Golden Tulip Bercy Gare de Lyon 209,8.7,8.66547619047619,1099.0,54.0,12.476190476190476,21.476190476190474,9.601190476190476,48.8393229,2.3892274,0.25749318801089915,1153.0,7.050989447068045,3,1,0,1,0,1
Golden Tulip Opera de Noailles,8.6,8.87077922077922,823.0,84.0,12.032467532467532,20.22077922077922,9.863636363636363,48.8696173,2.3346428,0.24624096856082797,907.0,6.811244378601294,2,1,0,1,0,1
Golden Tulip Washington Opera,8.3,8.360784313725489,542.0,62.0,14.764705882352942,14.313725490196079,6.362745098039215,48.866242,2.3373169,-0.014993481095176016,604.0,6.405228458030842,0,0,0,0,0,0
Good Hotel London,8.1,8.122181146025879,1018.0,258.0,24.55452865064695,19.371534195933457,4.9500924214417745,51.5084195,0.0253216,-0.11536720839333472,1276.0,7.152268856032539,0,0,0,0,0,0
Goodenough Club,8.5,8.639270386266094,959.0,216.0,16.781115879828327,19.42489270386266,8.813304721030043,51.525535,-0.1180354,0.07105779213288725,1175.0,7.069874128458572,3,1,0,1,0,1
Goralska R sidences H tel Paris Bastille,9.4,9.458333333333334,107.0,17.0,16.166666666666668,39.0,9.875,48.8482842,2.3657251,0.40652818991097917,124.0,4.8283137373023015,2,1,-1,1,0,1
Graben Hotel,8.6,8.784210526315789,657.0,66.0,14.201754385964913,19.385964912280702,9.824561403508772,48.2078955,16.3701084,0.14988587370022824,723.0,6.584791392385716,3,1,0,1,0,1
Gran Hotel Barcino,7.0,6.520731707317074,448.0,30.0,28.451219512195124,7.963414634146342,4.695121951219512,41.3830582,2.1778267,-0.5475880052151239,478.0,6.171700597410915,1,0,-1,3,4,0
Gran Hotel La Florida,8.7,8.62340425531915,943.0,75.0,28.70212765957447,22.56382978723404,8.877659574468085,41.4253332,2.1211028,-0.11744351719926727,1018.0,6.926577033222725,0,0,0,0,0,0
Gran Hotel Torre Catalunya,8.5,8.690052356020942,1671.0,215.0,16.369109947643977,22.19633507853403,7.680628272251309,41.3795572,2.1425457,0.14728066693132197,1886.0,7.54274354536855,0,0,0,1,0,1
Grand Ferdinand Vienna Your Hotel In The City Center,8.6,8.567714884696016,2378.0,282.0,22.58071278825996,19.17400419287212,10.49266247379455,48.2022415,16.3749336,-0.07968029812690006,2660.0,7.886457270977689,3,0,0,1,0,0
Grand H tel Du Palais Royal,9.2,9.320873786407766,704.0,119.0,12.29611650485437,26.368932038834952,6.854368932038835,48.8630829,2.3378592,0.3547913352098886,823.0,6.714170529909472,2,1,0,1,0,1
Grand Hotel Amr th Amsterdam,8.3,8.237924528301887,1530.0,207.0,25.735849056603772,19.5188679245283,9.258490566037736,52.3744149,4.9041443,-0.1344075056088109,1737.0,7.460490305825338,3,0,0,1,0,0
Grand Hotel Central,8.9,9.069463087248321,988.0,153.0,16.47986577181208,20.855704697986578,6.348993288590604,41.3849695,2.1776631,0.11414565826330539,1141.0,7.040536390215956,2,1,0,0,0,1
Grand Hotel Downtown,7.5,7.586024096385541,1270.0,218.0,25.093975903614457,14.378313253012049,6.860240963855421,52.36513,4.8729422,-0.26476542033817574,1488.0,7.305860032684009,1,0,-1,0,0,0
Grand Hotel Saint Michel,8.8,8.898709677419355,625.0,80.0,11.625806451612902,26.348387096774193,7.122580645161291,48.8478399,2.342254,0.3777520278099653,705.0,6.559615237493242,2,1,-1,1,0,1
Grand Hotel Wien,9.0,8.877099236641222,1375.0,165.0,15.164122137404581,16.02671755725191,8.767175572519085,48.2021105,16.3720841,0.0267963006876927,1540.0,7.340186835320115,3,1,0,0,0,1
Grand Hotel et de Milan,9.1,8.997435897435897,451.0,65.0,10.564102564102564,16.012820512820515,9.782051282051283,45.4699058,9.1925024,0.19758251975825203,516.0,6.248042874508429,2,1,0,1,0,1
Grand Pigalle Hotel,9.1,9.192105263157895,399.0,74.0,15.508771929824562,30.157894736842106,8.43859649122807,48.880856,2.3375085,0.3139097744360902,473.0,6.161207321695077,2,1,0,1,0,1
Grand Royale London Hyde Park,7.7,7.6156186612576064,6539.0,1274.0,22.215348208248816,15.989181879648411,5.422582826233942,51.5109945,-0.1863417,-0.1588124207748756,7813.0,8.963672275615016,1,0,-1,0,0,0
Grand Visconti Palace,8.6,8.39787234042553,1536.0,114.0,21.925531914893618,18.04787234042553,10.329787234042554,45.4471408,9.2070051,-0.09463845255095421,1650.0,7.409136443920128,3,0,0,1,0,0
Grange Beauchamp Hotel,8.6,8.582242990654207,761.0,161.0,17.97507788161994,18.866043613707166,5.654205607476635,51.5203266,-0.1245891,0.02354490820778794,922.0,6.827629234502852,0,0,0,0,0,1
Grange Blooms Hotel,8.3,8.257803468208092,393.0,90.0,22.54913294797688,19.248554913294797,6.69364161849711,51.5196913,-0.1254243,-0.07712047541869264,483.0,6.182084906716632,0,0,0,0,0,0
Grange Buckingham Hotel,8.5,8.659183673469387,128.0,18.0,13.714285714285714,15.306122448979592,4.8979591836734695,51.5196124,-0.1239628,0.05302515295717201,146.0,4.990432586778736,2,0,-1,3,0,1
Grange City Hotel,8.7,8.662962962962963,872.0,267.0,18.039506172839506,15.829629629629629,5.2024691358024695,51.5110114,-0.0771251,-0.06337629230987113,1139.0,7.038783541388542,0,0,0,0,0,0
Grange Clarendon Hotel,8.1,8.053116531165312,823.0,171.0,20.7289972899729,16.43360433604336,6.3197831978319785,51.5197933,-0.1241844,-0.11255503479619375,994.0,6.902742737158593,0,0,0,0,0,0
Grange Fitzrovia Hotel,8.1,7.958461538461538,1034.0,261.0,20.663736263736265,13.962637362637363,6.632967032967033,51.521759,-0.1425381,-0.18809376927822336,1295.0,7.16703787691222,1,0,0,0,0,0
Grange Holborn Hotel,8.4,8.277008310249307,845.0,224.0,20.04432132963989,14.542936288088642,5.903047091412742,51.519616,-0.1218432,-0.15458861991126333,1069.0,6.975413927455952,0,0,0,0,0,0
Grange Langham Court Hotel,7.9,7.973648648648648,754.0,146.0,20.45608108108108,14.324324324324325,5.537162162162162,51.5189077,-0.1421957,-0.1713719195543386,900.0,6.803505257608338,1,0,0,0,0,0
Grange Rochester Hotel,8.2,8.104670329670329,1046.0,198.0,20.214285714285715,15.18131868131868,5.769230769230769,51.4942654,-0.1366026,-0.13828502415458943,1244.0,7.126890808898808,0,0,0,0,0,0
Grange St Paul s Hotel,8.5,8.49150779896014,2635.0,788.0,22.43327556325823,15.161178509532062,5.189774696707106,51.5127625,-0.0997157,-0.18842336880865776,3423.0,8.138564737261632,0,0,0,0,0,0
Grange Strathmore Hotel,8.0,8.097321428571428,984.0,202.0,22.274553571428573,16.236607142857142,6.446428571428571,51.4958184,-0.1813958,-0.15281622507202988,1186.0,7.079184394609668,0,0,0,0,0,0
Grange Tower Bridge Hotel,8.7,8.808985507246376,1668.0,531.0,19.39710144927536,16.58550724637681,4.913043478260869,51.5115509,-0.0714919,-0.07602476683125636,2199.0,7.696212639346407,0,0,0,0,0,0
Grange Wellington Hotel,8.8,8.843691588785047,1268.0,256.0,17.47897196261682,17.577102803738317,7.792056074766355,51.4944319,-0.1363756,0.0027216174183514793,1524.0,7.329749689041512,0,1,0,0,0,1
Grange White Hall Hotel,7.9,7.948571428571428,468.0,100.0,25.857142857142858,17.633333333333333,4.776190476190476,51.5203469,-0.1260893,-0.18484426843626248,568.0,6.343880434126331,1,0,0,0,0,0
Great Northern Hotel A Tribute Portfolio Hotel London,8.9,8.756774193548386,1110.0,303.0,18.91774193548387,19.888709677419357,7.82258064516129,51.531427,-0.126133,0.024392220421393877,1413.0,7.254177846456518,0,1,-1,0,0,1
Great St Helen Hotel,7.4,7.221923076923077,1328.0,264.0,22.911538461538463,13.628846153846155,6.290384615384616,51.5149583,-0.0823869,-0.24727216843399416,1592.0,7.373374309910049,1,0,-1,0,0,0
Grosvenor House A JW Marriott Hotel,7.9,7.76516393442623,564.0,184.0,21.237704918032787,13.48360655737705,6.840163934426229,51.5082019,-0.1545589,-0.21707205139972463,748.0,6.618738983517219,1,0,0,0,0,0
Grosvenor House Suites by Jumeirah Living,8.7,8.551,303.0,96.0,15.5,11.24,11.05,51.509841,-0.1552193,-0.15356885364095169,399.0,5.991464547107982,3,0,-1,3,0,1
Grupotel Gran Via 678,8.4,8.445882352941176,1664.0,158.0,17.941176470588236,17.261764705882353,8.06764705882353,41.392344,2.1729157,-0.018766756032171587,1822.0,7.508238774678663,0,0,0,0,0,0
Guitart Grand Passage,8.1,7.996240601503759,867.0,79.0,25.57894736842105,21.781954887218046,8.285714285714286,41.3936071,2.1504611,-0.07851368159203977,946.0,6.853299093186078,0,0,0,0,0,0
H tel Ad le Jules,9.1,9.184269662921348,376.0,62.0,15.382022471910112,23.8876404494382,8.707865168539326,48.8721062,2.3451384,0.21121651785714285,438.0,6.0844994130751715,2,1,0,1,0,1
H tel Aiglon Esprit de France,8.9,8.96089108910891,1152.0,119.0,12.311881188118813,23.143564356435643,9.202970297029703,48.8396623,2.3300582,0.29712112982074956,1271.0,7.148345743900068,2,1,0,1,0,1
H tel Amastan Paris,9.1,9.202941176470588,102.0,14.0,8.941176470588236,21.41176470588235,4.0588235294117645,48.8716831,2.3123759,0.39774859287054404,116.0,4.762173934797756,2,1,-1,1,0,1
H tel Arvor Saint Georges,8.7,8.88679245283019,493.0,42.0,15.349056603773585,24.00943396226415,9.528301886792454,48.8785454,2.3384866,0.21458625525946703,535.0,6.284134161070802,2,1,0,1,0,1
H tel Balzac,8.3,8.080722891566266,694.0,117.0,15.457831325301205,13.457831325301205,10.114457831325302,48.8732785,2.3004174,-0.06685461135722916,811.0,6.699500340161678,3,0,0,1,0,0
H tel Barri re Le Fouquet s,9.0,8.90857142857143,194.0,25.0,9.285714285714286,11.0,7.6,48.8710709,2.3013119,0.08053691275167782,219.0,5.393627546352362,2,1,0,0,0,1
H tel Baume,9.0,9.24090909090909,253.0,44.0,14.193181818181818,23.568181818181817,7.795454545454546,48.8501522,2.3392782,0.24186455584872468,297.0,5.697093486505405,2,1,0,1,0,1
H tel Beauchamps,8.1,7.988235294117647,1463.0,203.0,17.826989619377162,15.301038062283737,5.1280276816609,48.87096,2.3091617,-0.07401399168609955,1666.0,7.418780882750794,0,0,0,0,0,0
H tel Bedford,8.6,8.593617021276595,1703.0,230.0,16.122340425531913,16.569148936170212,6.566489361702128,48.8720593,2.3236802,0.01326176191979794,1933.0,7.56734567601324,0,0,0,0,0,0
H tel Bel Ami,8.6,8.811428571428571,525.0,88.0,17.580952380952382,16.085714285714285,8.6,48.8550298,2.3332104,-0.04313186813186818,613.0,6.419994928147142,0,0,-1,3,0,1
H tel Belloy Saint Germain By Happyculture,8.3,8.329268292682928,303.0,31.0,17.0609756097561,23.48780487804878,6.390243902439025,48.8503901,2.3422527,0.15468153800997944,334.0,5.814130531825066,0,0,3,1,0,1
H tel Bourgogne Montana by MH,8.9,9.084251968503937,545.0,75.0,15.763779527559056,23.086614173228348,8.023622047244094,48.8601927,2.318423,0.18375815056312983,620.0,6.431331081933479,2,1,0,1,0,1
H tel Brighton Esprit de France,8.7,8.690845070422535,973.0,126.0,16.14788732394366,22.802816901408452,6.161971830985915,48.8649306,2.3290844,0.1665785298783713,1099.0,7.003065458786462,0,1,0,1,0,1
H tel California Champs Elys es,8.2,8.138181818181819,1332.0,219.0,16.14909090909091,12.047272727272727,8.41090909090909,48.8726335,2.3048084,-0.14049072113588243,1551.0,7.347299700743164,0,0,0,0,0,0
H tel Champs lys es Plaza,8.7,9.026153846153846,343.0,52.0,8.96923076923077,20.06153846153846,7.876923076923077,48.8737043,2.3061477,0.36936475409836067,395.0,5.981414211254481,2,1,-1,1,0,1
H tel Chaplain Paris Rive Gauche,8.7,8.945112781954888,615.0,44.0,10.165413533834586,23.112781954887218,9.601503759398497,48.8427564,2.3305636,0.37771441105505593,659.0,6.492239835020471,2,1,0,1,0,1
H tel Concorde Montparnasse,7.9,7.608670520231214,2515.0,228.0,18.890173410404625,14.442196531791907,8.291907514450868,48.8381079,2.318669,-0.12955635996295986,2743.0,7.917171988845776,1,0,-1,3,0,0
H tel Crayon Rouge by Elegancia,9.0,8.96951219512195,300.0,19.0,19.0,25.134146341463413,7.926829268292683,48.8644967,2.3405415,0.13590921372601997,319.0,5.768320995793772,2,1,0,1,0,1
H tel Cristal Champs Elys es,8.3,8.523622047244094,604.0,78.0,7.393700787401575,11.283464566929133,9.48031496062992,48.8726814,2.3020866,0.19767907162865145,682.0,6.52649485957079,3,1,-1,1,0,1
H tel D Aubusson,9.4,9.552040816326532,941.0,211.0,9.568027210884354,22.459183673469386,7.170068027210885,48.8547329,2.3395277,0.3903192584963954,1152.0,7.050122520269059,2,1,0,1,0,1
H tel Da Vinci Spa,9.1,9.215068493150683,352.0,52.0,13.054794520547945,26.684931506849313,6.3561643835616435,48.8565778,2.3319767,0.3345662407531943,404.0,6.003887067106539,2,1,0,1,0,1
H tel De Buci by MH,8.9,9.079310344827586,194.0,32.0,14.413793103448276,22.275862068965516,4.982758620689655,48.8538752,2.3366123,0.20860018298261662,226.0,5.424950017481403,2,1,6,1,0,1
H tel De Castiglione,7.2,7.110945273631841,1168.0,118.0,28.393034825870647,16.497512437810947,6.960199004975125,48.8691758,2.3205807,-0.25921509106678225,1286.0,7.160069207596127,1,0,-1,0,0,0
H tel De Sers Champs Elys es Paris,8.5,8.8375,347.0,62.0,15.0875,16.6125,9.3625,48.8683593,2.3002117,0.04663608562691132,409.0,6.016157159698354,3,1,0,3,0,1
H tel De Vend me,8.7,8.385393258426966,425.0,70.0,12.651685393258427,11.786516853932584,10.662921348314606,48.8668564,2.3286339,-0.0340106007067138,495.0,6.206575926724928,3,0,-1,3,0,1
H tel Diva Opera,8.3,8.234334763948498,1353.0,111.0,19.278969957081546,16.167381974248926,5.012875536480687,48.8732706,2.3450746,-0.08537447008949609,1464.0,7.289610521451167,0,0,0,0,0,0
H tel Du Jeu De Paume,8.7,8.979245283018868,312.0,61.0,15.084905660377359,26.30188679245283,9.669811320754716,48.8520377,2.3557092,0.2646338749165368,373.0,5.924255797414532,2,1,0,1,0,1
H tel Duc De St Simon,9.0,9.20608695652174,379.0,69.0,9.539130434782608,20.217391304347824,6.504347826086956,48.8560685,2.3236846,0.3471868815380265,448.0,6.1070228877422545,2,1,0,1,0,1
H tel Duo,8.6,8.684615384615384,883.0,119.0,16.262443438914026,19.190045248868778,9.180995475113122,48.8581186,2.3529369,0.08031281032770607,1002.0,6.910750787961936,3,1,0,1,0,1
H tel Elysees Mermoz,8.7,8.767289719626168,564.0,84.0,9.719626168224298,18.074766355140188,8.149532710280374,48.8715079,2.3122259,0.29016553067185985,648.0,6.47543271670409,2,1,0,1,0,1
H tel Etoile Saint Honor by Happyculture,8.2,8.230921052631578,762.0,105.0,17.164473684210527,25.11842105263158,6.375,48.8756508,2.3041568,0.183766529867761,867.0,6.7661917146603505,0,0,-1,1,0,0
H tel Exquis by Elegancia,8.9,9.070063694267516,920.0,58.0,14.343949044585987,23.197452229299362,9.312101910828025,48.8536854,2.3805796,0.22971409684349695,978.0,6.88653164253051,2,1,0,1,0,1
H tel F licien by Elegancia,8.4,8.454545454545455,448.0,34.0,22.848484848484848,21.727272727272727,7.2727272727272725,48.8493082,2.2743626,-0.02460106382978723,482.0,6.180016653652572,0,0,0,0,0,0
H tel Fabric,9.3,9.559223300970874,344.0,51.0,8.572815533980583,27.660194174757283,10.990291262135923,48.8629329,2.3723823,0.5126466753585397,395.0,5.981414211254481,2,1,-1,1,0,1
H tel France d Antin Op ra,8.5,8.756666666666666,173.0,8.0,19.0,26.833333333333332,6.333333333333333,48.8692566,2.3339369,0.16725978647686832,181.0,5.204006687076795,2,0,-1,3,0,1
H tel Gustave,8.8,8.713939393939393,625.0,68.0,18.56969696969697,22.44848484848485,6.557575757575758,48.8502052,2.289043,0.09231213039088418,693.0,6.542471960506805,2,1,0,1,0,1
H tel Hor,8.6,8.823030303030302,1090.0,161.0,12.127272727272727,22.76060606060606,11.612121212121211,48.8793427,2.3577745,0.29629316896056745,1251.0,7.132497551660044,3,0,-1,1,0,1
H tel Horset Op ra Best Western Premier Collection,8.5,8.712060301507538,941.0,110.0,11.236180904522612,17.939698492462313,10.040201005025125,48.8691686,2.3337818,0.22214820982514577,1051.0,6.9584483932976555,3,1,0,1,0,1
H tel Jos phine by Happyculture,8.1,8.136842105263158,395.0,33.0,19.473684210526315,22.894736842105264,7.9868421052631575,48.8823141,2.3316688,0.0788834951456311,428.0,6.061456918928017,0,0,0,3,0,0
H tel Juliana Paris,8.6,8.577514792899407,577.0,96.0,19.83431952662722,17.420118343195266,7.940828402366864,48.8619373,2.3040298,-0.06310904872389791,673.0,6.513230110912307,0,0,0,0,0,1
H tel Keppler,9.1,9.330526315789474,338.0,77.0,9.547368421052632,18.010526315789473,6.473684210526316,48.8699103,2.2973386,0.2963509030593439,415.0,6.030685260261263,2,1,0,1,0,1
H tel L Echiquier Op ra Paris MGallery by Sofitel,9.1,9.254676258992806,666.0,89.0,9.56115107913669,25.697841726618705,8.510791366906474,48.8719889,2.3492913,0.44503968253968246,755.0,6.628041376179533,2,1,0,1,0,1
H tel La Comtesse by Elegancia,9.0,9.046846846846847,363.0,43.0,12.54054054054054,25.855855855855857,8.0990990990991,48.853865,2.3072019,0.33798307797850446,406.0,6.008813185442595,2,1,0,1,0,1
H tel La Parizienne by Elegancia,8.5,8.7,672.0,52.0,19.887096774193548,23.201612903225808,8.82258064516129,48.8450894,2.3209503,0.07517834278397661,724.0,6.586171654854675,3,1,0,1,0,1
H tel Lancaster Paris Champs Elys es,8.8,9.05,254.0,66.0,14.5,18.7125,9.2125,48.8723438,2.3033378,0.12312751187431491,320.0,5.771441123130016,2,1,-1,3,0,1
H tel Le Bellechasse Saint Germain,8.7,8.799999999999999,307.0,55.0,11.154929577464788,20.971830985915492,7.140845070422535,48.8597024,2.3239701,0.296343537414966,362.0,5.8944028342648505,2,1,0,1,0,1
H tel Le M,8.2,8.22671755725191,1140.0,76.0,15.725190839694656,19.328244274809162,8.366412213740459,48.8397623,2.3235324,0.09993648105018,1216.0,7.104144092987527,0,0,0,1,0,0
H tel Le Marianne,8.7,8.5875,213.0,37.0,11.892857142857142,15.035714285714286,9.732142857142858,48.8725794,2.3075779,0.11253196930946295,250.0,5.5254529391317835,2,1,-1,3,0,1
H tel Le Relais Saint Germain,9.3,9.247499999999999,107.0,20.0,10.5,25.825,4.525,48.8519208,2.338878,0.4105827193569993,127.0,4.852030263919617,2,1,-1,1,0,1
H tel Le Royal Monceau Raffles Paris,9.3,8.99090909090909,119.0,6.0,18.681818181818183,25.136363636363637,11.318181818181818,48.8756359,2.3004967,0.14401622718052734,125.0,4.836281906951478,2,0,-1,3,0,1
H tel Le Walt,8.8,9.13809523809524,257.0,40.0,11.206349206349206,27.61904761904762,9.428571428571429,48.8547161,2.306642,0.41211638102829823,297.0,5.697093486505405,2,1,-1,1,0,1
H tel Les Dames du Panth on,8.8,8.95,234.0,33.0,15.185714285714285,22.957142857142856,8.085714285714285,48.845743,2.34493,0.19854014598540146,267.0,5.5909869805108565,2,1,0,1,0,1
H tel Madison by MH,8.8,8.727722772277227,478.0,59.0,13.009900990099009,18.544554455445546,8.099009900990099,48.8531641,2.3344097,0.1700121654501217,537.0,6.2878585601617845,2,1,0,1,0,1
H tel Mansart Esprit de France,8.6,8.575000000000001,611.0,73.0,12.198275862068966,18.155172413793103,9.387931034482758,48.8684776,2.3298238,0.18999175144349734,684.0,6.529418838262226,3,1,0,1,0,1
H tel Mathis Elys es,8.7,8.718556701030929,652.0,70.0,14.417525773195877,18.95360824742268,8.551546391752577,48.8700325,2.3112736,0.13197360527894417,722.0,6.583409222158765,2,1,0,1,0,1
H tel Mayfair Paris,8.5,8.711764705882354,182.0,26.0,15.862745098039216,19.058823529411764,7.529411764705882,48.8661363,2.3260648,0.08897379912663754,208.0,5.342334251964811,2,0,-1,3,0,1
H tel Moli re,9.2,9.373387096774193,579.0,87.0,5.854838709677419,23.266129032258064,9.225806451612904,48.8655293,2.3360102,0.578045515394913,666.0,6.502790045915623,2,1,-1,1,0,1
H tel Monna Lisa Champs Elys es,8.7,8.642391304347827,418.0,54.0,13.478260869565217,20.72826086956522,6.326086956521739,48.874853,2.3245798,0.2059277554800865,472.0,6.159095388491933,2,1,0,1,0,1
H tel Montmartre Mon Amour,8.1,8.044444444444444,494.0,42.0,17.952380952380953,20.77777777777778,8.158730158730158,48.886687,2.3449332,0.07111466240511387,536.0,6.285998094508865,0,0,0,3,0,0
H tel Original Paris,8.9,8.94,148.0,18.0,11.0,24.7,12.3,48.8546989,2.3691899,0.3732970027247956,166.0,5.117993812416755,2,1,-1,3,0,1
H tel Paris Bastille Boutet MGallery by Sofitel,8.8,8.793650793650794,381.0,36.0,16.285714285714285,19.650793650793652,14.396825396825397,48.8519215,2.3839993,0.09110442629995709,417.0,6.035481432524756,3,0,-1,3,0,1
H tel Pont Royal,8.6,8.620967741935484,249.0,33.0,21.79032258064516,21.080645161290324,8.274193548387096,48.8565629,2.3273623,-0.016176470588235237,282.0,5.645446897643238,0,0,-1,0,0,1
H tel Powers,8.5,8.555274261603374,956.0,149.0,13.39240506329114,16.41350210970464,7.755274261603375,48.8691409,2.3031503,0.09806875770442404,1105.0,7.00850518208228,0,0,0,1,0,1
H tel R de Paris Boutique Hotel,9.1,9.34070796460177,533.0,71.0,13.752212389380531,30.106194690265486,10.946902654867257,48.8799239,2.3288332,0.3645689485105544,604.0,6.405228458030842,2,1,-1,1,0,1
H tel Raphael,8.7,8.846153846153847,282.0,56.0,12.653846153846153,17.974358974358974,8.243589743589743,48.8713239,2.2937849,0.16822051074179167,338.0,5.82600010738045,2,1,0,1,0,1
H tel Recamier,9.0,8.979545454545455,164.0,39.0,8.522727272727273,16.75,6.2727272727272725,48.8503493,2.3344305,0.3131487889273356,203.0,5.318119993844216,2,1,-1,1,0,1
H tel Regent s Garden,9.1,9.10989010989011,552.0,57.0,10.56043956043956,19.52747252747253,7.670329670329671,48.8797513,2.2919634,0.2884411452810181,609.0,6.413458957167357,2,1,0,1,0,1
H tel Regina,9.0,9.162096774193548,1329.0,191.0,13.790322580645162,23.198924731182796,7.002688172043011,48.8637503,2.3320406,0.24766487404472118,1520.0,7.327123292259293,2,1,0,1,0,1
H tel Regina Op ra Grands Boulevards,7.9,8.075000000000001,287.0,25.0,25.477272727272727,22.15909090909091,7.840909090909091,48.8708508,2.3515882,-0.06822429906542052,312.0,5.746203190540153,1,0,-1,3,0,0
H tel Saint Marc,9.3,9.413157894736841,377.0,44.0,14.947368421052632,28.93421052631579,7.776315789473684,48.8708863,2.3382128,0.31163881559659923,421.0,6.045005314036012,2,1,0,1,0,1
H tel Saint Paul Rive Gauche,8.9,9.253333333333332,135.0,25.0,11.533333333333333,24.31111111111111,9.022222222222222,48.8496819,2.3402806,0.3468033775633293,160.0,5.081404364984463,2,1,-1,3,0,1
H tel San R gis,8.7,8.66891891891892,277.0,57.0,17.37837837837838,18.743243243243242,5.635135135135135,48.8665788,2.3084447,0.03676738259919908,334.0,5.814130531825066,0,0,0,0,0,1
H tel Square Louvois,9.3,9.208333333333334,320.0,40.0,16.09722222222222,29.791666666666668,10.0,48.8684165,2.336869,0.29206161137440767,360.0,5.8888779583328805,2,1,-1,1,0,1
H tel Th r se,9.0,9.074242424242424,509.0,91.0,11.174242424242424,21.424242424242426,5.295454545454546,48.8816306,2.2992146,0.3050732807215333,600.0,6.398594934535208,2,1,-1,1,0,1
H tel Thoumieux,8.9,9.1,127.0,32.0,13.72972972972973,39.108108108108105,6.891891891891892,48.8595985,2.3088076,0.4713855421686746,159.0,5.075173815233827,2,1,-1,1,0,1
H tel Vernet,8.6,8.563207547169812,473.0,75.0,16.056603773584907,13.858490566037736,10.320754716981131,48.871859,2.2978177,-0.07110161733292651,548.0,6.3080984415095305,3,0,-1,3,0,1
H tel Victor Hugo Paris Kl ber,7.9,8.308333333333334,236.0,33.0,16.375,15.604166666666666,8.125,48.8690198,2.2891278,-0.02337334175615921,269.0,5.598421958998375,0,0,-1,3,0,0
H tel Waldorf Trocad ro,8.5,8.72027027027027,338.0,54.0,13.635135135135135,17.216216216216218,10.972972972972974,48.8672694,2.2878666,0.11243105642766231,392.0,5.973809611869261,3,0,-1,1,0,1
H tel Westminster,8.4,8.58817891373802,1374.0,158.0,18.20447284345048,19.654952076677315,6.332268370607029,48.8693409,2.3310263,0.03732631752034859,1532.0,7.334981878871814,0,0,0,0,0,0
H tel de Banville,8.7,8.717307692307692,493.0,59.0,14.336538461538462,26.490384615384617,9.336538461538462,48.8864673,2.2948911,0.2905747126436782,552.0,6.315358001522335,2,1,0,1,0,1
H tel de Jos phine BONAPARTE,9.0,9.18157894736842,240.0,27.0,10.789473684210526,26.736842105263158,6.776315789473684,48.8555319,2.3621212,0.4139344262295082,267.0,5.5909869805108565,2,1,-1,1,0,1
H tel de La Tamise Esprit de France,9.6,9.688524590163935,166.0,36.0,9.524590163934427,25.491803278688526,6.016393442622951,48.8648656,2.3295756,0.44333181611288114,202.0,5.313205979041787,2,1,-1,1,0,1
H tel de Lille,8.9,9.052777777777777,533.0,78.0,10.881944444444445,24.493055555555557,9.194444444444445,48.8585626,2.3299138,0.37418862161130206,611.0,6.416732282512326,2,1,0,1,0,1
H tel de Varenne,8.7,8.841052631578947,315.0,56.0,13.073684210526316,22.557894736842105,8.557894736842105,48.8570275,2.3170282,0.25890804597701145,371.0,5.918893854273146,2,1,0,1,0,1
H tel de la Bourdonnais,8.8,8.760220994475137,1337.0,178.0,14.524861878453038,21.273480662983424,7.8259668508287294,48.8550466,2.304583,0.18339464004203887,1515.0,7.323830566202317,2,1,0,1,0,1
H tel des Academies et des Arts,8.8,8.896,215.0,30.0,8.7,24.22,7.9,48.8420669,2.3304091,0.4575471698113207,245.0,5.5053315359323625,2,1,-1,1,0,1
H tel des Champs Elys es,8.4,8.57431693989071,755.0,118.0,9.819672131147541,16.21311475409836,6.032786885245901,48.8722884,2.3090359,0.23650697392359002,873.0,6.773080375655535,0,1,0,1,0,1
H tel des Ducs D Anjou,7.7,7.82037037037037,552.0,61.0,25.537037037037038,17.73148148148148,7.953703703703703,48.8598229,2.347111,-0.1763229449905878,613.0,6.419994928147142,1,0,-1,3,0,0
H tel du Minist re,8.8,8.786893203883494,949.0,83.0,16.28640776699029,20.9126213592233,9.864077669902912,48.8712877,2.3191903,0.12110814588893129,1032.0,6.940222469119639,3,1,0,1,0,1
H10 Art Gallery 4 Sup,8.8,8.926006191950464,1693.0,208.0,13.801857585139318,21.58204334365325,6.934984520123839,41.392018,2.157066,0.2138359428182437,1901.0,7.550661243105336,2,1,0,1,0,1
H10 Casa Mimosa 4 Sup,9.6,9.660344827586206,454.0,56.0,12.456896551724139,27.28448275862069,7.094827586206897,41.3962106,2.1621171,0.3639441388066018,510.0,6.236369590203704,2,1,-1,1,0,1
H10 Casanova,8.6,8.686163522012578,641.0,73.0,15.477987421383649,19.767295597484278,5.729559748427673,41.3842608,2.1609471,0.1183411417664411,714.0,6.5722825426940075,0,1,0,0,0,1
H10 Cubik 4 Sup,9.3,9.349476439790577,1398.0,206.0,13.138743455497382,25.623036649214658,6.219895287958115,41.388024,2.1731556,0.31397722035683717,1604.0,7.380879035564116,2,1,0,1,0,1
H10 Itaca,8.2,8.0272,732.0,61.0,20.056,18.264,5.768,41.3810311,2.1455516,-0.0455747711088505,793.0,6.677083461247136,0,0,0,0,0,0
H10 London Waterloo,8.5,8.403305785123967,1114.0,312.0,19.859504132231404,15.37396694214876,6.5309917355371905,51.4988817,-0.1062888,-0.12379540400296514,1426.0,7.2633296174768365,0,0,0,0,0,0
H10 Marina Barcelona,8.2,8.118867924528303,1579.0,168.0,22.635220125786162,17.37735849056604,6.345911949685535,41.393227,2.1927427,-0.12820119613556197,1747.0,7.466227556215481,0,0,0,0,0,0
H10 Metropolitan 4 Sup,9.2,9.324124513618678,1834.0,252.0,12.005836575875486,23.464980544747082,5.756809338521401,41.3875467,2.1673975,0.31420036274405205,2086.0,7.643482907077201,2,1,0,1,0,1
H10 Port Vell 4 Sup,9.2,9.291643454038997,1261.0,146.0,12.665738161559888,23.467966573816156,6.735376044568246,41.3815625,2.1838458,0.2909009076588403,1407.0,7.249925536717988,2,1,0,1,0,1
H10 Universitat,8.5,8.642142857142858,1403.0,137.0,16.7,18.478571428571428,5.95,41.3869565,2.1665338,0.0491609081934847,1540.0,7.340186835320115,0,0,0,0,0,1
H10 Urquinaona Plaza,9.1,9.186885245901639,1875.0,205.0,13.926229508196721,22.37909836065574,6.854508196721311,41.3892128,2.1726015,0.22658610271903326,2080.0,7.640603826393634,2,1,0,1,0,1
HCC Regente,8.1,8.25138888888889,354.0,36.0,20.291666666666668,18.48611111111111,5.25,41.3922919,2.1622256,-0.045391061452514,390.0,5.968707559985366,0,0,0,0,0,0
HCC St Moritz,8.3,8.154368932038835,549.0,36.0,16.718446601941746,12.805825242718447,7.097087378640777,41.3908486,2.1680745,-0.1281806615776081,585.0,6.373319789577012,0,0,0,0,0,0
Hallmark Hotel London Chigwell Prince Regent,6.9,6.56695464362851,747.0,227.0,32.0755939524838,11.59827213822894,5.008639308855291,51.6068054,0.0590416,-0.45837362212338034,974.0,6.882437470997847,1,0,-1,3,4,0
Ham Yard Hotel,9.5,9.487943262411347,314.0,96.0,13.02127659574468,16.52482269503546,5.553191489361702,51.511174,-0.1349904,0.1146970048757836,410.0,6.018593214496234,2,1,-1,0,0,1
Hampshire Hotel Amsterdam American,8.5,8.484460547504026,4032.0,601.0,20.409822866344605,18.837359098228664,8.297101449275363,52.363889,4.881302,-0.03907015824114268,4633.0,8.441175704992322,0,0,0,0,0,0
Hampshire Hotel Rembrandt Square Amsterdam,7.8,7.675534759358289,2591.0,520.0,22.788770053475936,12.949197860962567,8.643048128342246,52.3663466,4.8985764,-0.26783114992721985,3111.0,8.043020885298283,1,0,1,0,0,0
Hampshire Hotel The Manor Amsterdam,8.3,8.46353711790393,1939.0,301.0,16.641921397379914,23.49126637554585,7.255458515283843,52.3591467,4.9263601,0.1665162694410531,2240.0,7.714677473800927,0,0,0,1,0,0
Hampton by Hilton Amsterdam Centre East,8.4,8.37707182320442,1769.0,192.0,17.870165745856355,21.320441988950275,7.516574585635359,52.3714428,4.9346331,0.08584782459275546,1961.0,7.581719640125308,0,0,0,1,0,0
Haymarket Hotel,9.6,9.590909090909092,255.0,68.0,13.52892561983471,20.06611570247934,8.619834710743802,51.5084595,-0.1311382,0.18896321070234115,323.0,5.780743515792329,2,1,-1,0,0,1
Hazlitt s,9.0,9.06265560165975,465.0,126.0,13.410788381742739,20.439834024896264,5.804979253112033,51.5143447,-0.1318157,0.20169067746160252,591.0,6.3835066348840055,2,1,0,1,0,1
Henley House Hotel,8.6,8.601909307875895,1179.0,137.0,17.708830548926013,19.880668257756565,7.9618138424821,51.4922348,-0.1914229,0.05628053682973599,1316.0,7.183111701743281,0,0,0,0,0,1
Henry VIII,7.0,6.78509485094851,2937.0,471.0,26.953026196928636,13.711833785004517,5.116531165311653,51.5124655,-0.182274,-0.31780239793595383,3408.0,8.134174272137903,1,0,-1,0,0,0
Hidden Hotel by Elegancia,9.1,9.28,303.0,32.0,9.2875,25.1625,5.6375,48.8775326,2.293458,0.44781382228490835,335.0,5.817111159963204,2,1,-1,1,0,1
Hilton Amsterdam,8.3,8.23584229390681,1064.0,168.0,18.75627240143369,18.107526881720432,7.412186379928316,52.351381,4.872723,-0.017133661491859076,1232.0,7.117205503164344,0,0,0,0,0,0
Hilton Barcelona,8.1,8.315555555555555,281.0,46.0,18.844444444444445,13.533333333333333,7.4,41.388682,2.1316368,-0.15912117177097204,327.0,5.793013608384144,0,0,0,3,0,0
Hilton Diagonal Mar Barcelona,7.9,7.687857142857142,503.0,71.0,26.192857142857143,14.507142857142858,6.914285714285715,41.4084334,2.2178205,-0.28023295649194924,574.0,6.354370040797351,1,0,0,0,0,0
Hilton Garden Inn Milan North,8.3,8.2725,3613.0,228.0,20.54090909090909,16.822727272727274,10.293181818181818,45.5161671,9.2272778,-0.09691943127962079,3841.0,8.253748343328501,3,0,0,1,0,0
Hilton Garden Inn Vienna South,8.1,8.03,244.0,22.0,15.1,14.9,14.35,48.1667886,16.344908,-0.006451612903225784,266.0,5.58724865840025,3,0,-1,3,1,0
Hilton London Angel Islington,8.6,8.683434650455927,1462.0,429.0,12.74468085106383,15.343465045592705,6.302431610942249,51.5360906,-0.1048176,0.08934169278996863,1891.0,7.545389749611823,0,0,0,0,0,1
Hilton London Bankside,9.3,9.277155655095184,2319.0,570.0,15.249720044792832,18.638297872340427,6.6192609182530795,51.5056956,-0.101525,0.09712726689134976,2889.0,7.969011781106478,2,1,-1,0,0,1
Hilton London Canary Wharf,9.0,9.013497728747566,3040.0,974.0,14.051914341336794,16.43867618429591,4.672290720311486,51.5007324,-0.01655,0.07579285758443753,4014.0,8.297792626380861,0,1,0,0,0,1
Hilton London Euston,7.4,7.120851063829788,843.0,198.0,24.24255319148936,11.46808510638298,4.889361702127659,51.5265189,-0.1303689,-0.3479772806305784,1041.0,6.948897222313312,1,0,-1,3,0,0
Hilton London Green Park,7.3,7.278925619834711,1139.0,254.0,23.791322314049587,12.171487603305785,4.609504132231405,51.5064534,-0.1456146,-0.31436556735606486,1393.0,7.2399325913204695,1,0,-1,0,0,0
Hilton London Hyde Park,7.8,7.6440154440154435,646.0,153.0,20.571428571428573,14.11969111969112,5.61003861003861,51.51046,-0.1875844,-0.18076590220683686,799.0,6.684611727667927,1,0,0,0,0,0
Hilton London Kensington Hotel,7.8,7.776422764227642,3801.0,843.0,20.68238482384824,14.054742547425475,3.6905149051490516,51.5051084,-0.213266,-0.18545537271555318,4644.0,8.443546651247939,1,0,-1,0,0,0
Hilton London Metropole,7.5,7.315258751902587,6977.0,1485.0,25.023592085235922,12.23592085235921,5.029299847792998,51.5195688,-0.170521,-0.334235076482406,8462.0,9.043458999670106,1,0,-1,0,0,0
Hilton London Olympia,7.4,7.262317210348706,1786.0,438.0,24.44544431946007,12.931383577052868,4.701912260967379,51.4967399,-0.2064723,-0.30002637981065167,2224.0,7.707512194600341,1,0,-1,0,0,0
Hilton London Paddington,8.2,8.097257926306769,2898.0,687.0,18.692373607540702,13.479862896315339,6.96401028277635,51.515632,-0.175737,-0.1571347385823517,3585.0,8.184792654165078,0,0,0,0,0,0
Hilton London Tower Bridge,8.7,8.626092384519351,1705.0,484.0,19.73533083645443,14.530586766541823,4.109862671660425,51.504575,-0.082675,-0.1475856697819314,2189.0,7.691656822810547,0,0,0,0,0,0
Hilton London Wembley,8.8,8.76340368208352,4305.0,1427.0,19.28738212842389,15.018410417602155,4.687920969914684,51.5576962,-0.2835263,-0.1209142014092031,5732.0,8.653994232908383,0,0,-1,0,0,0
Hilton Milan,8.2,8.183261802575107,988.0,143.0,18.914163090128756,14.888412017167383,8.03862660944206,45.4862032,9.200322,-0.11567394253298804,1131.0,7.0317412587631285,0,0,0,0,0,0
Hilton Paris Opera,8.4,8.271559633027524,458.0,65.0,20.89908256880734,19.623853211009173,7.623853211009174,48.8756604,2.3252075,-0.03071144498453386,523.0,6.261491684321042,0,0,0,0,0,0
Hilton Vienna,8.0,7.836007130124777,3078.0,374.0,20.602495543672013,13.90017825311943,8.602495543672013,48.2062268,16.3833767,-0.1887834513229904,3452.0,8.146998697389993,1,0,-1,0,0,0
Hilton Vienna Danube Waterfront,8.4,8.141784037558686,2349.0,239.0,19.9037558685446,16.215962441314552,7.852112676056338,48.2140659,16.4217627,-0.09934863719724281,2588.0,7.859026979751538,0,0,0,0,0,0
Hilton Vienna Plaza,8.6,8.396206896551725,1531.0,196.0,21.217241379310344,15.924137931034483,9.434482758620689,48.2155236,16.3646858,-0.1387758792152608,1727.0,7.454719949364001,3,0,0,1,0,0
Holiday Inn Amsterdam,7.7,8.022377622377622,1485.0,196.0,19.643356643356643,17.045454545454547,6.5,52.3351951,4.8885354,-0.06893032748863528,1681.0,7.427738840532894,1,0,0,3,0,0
Holiday Inn Amsterdam Arena Towers,8.4,8.61241134751773,1992.0,196.0,15.21631205673759,18.97872340425532,6.24468085106383,52.3096835,4.9422614,0.10690176322418134,2188.0,7.691200097522863,0,0,0,0,0,1
Holiday Inn London Bloomsbury,8.2,8.19375,2995.0,709.0,16.12582236842105,14.600328947368421,6.149671052631579,51.5241248,-0.1258066,-0.04808315404753877,3704.0,8.217438537730187,0,0,0,0,0,0
Holiday Inn London Brent Cross,7.9,7.875288683602771,835.0,269.0,16.064665127020785,13.191685912240185,4.8013856812933025,51.5731061,-0.2233332,-0.09495458361957099,1104.0,7.007600613951853,1,0,-1,0,0,0
Holiday Inn London Camden Lock,8.6,8.733243243243244,1572.0,418.0,14.527027027027026,15.001351351351351,5.366216216216216,51.5404555,-0.1460833,0.01553716081625428,1990.0,7.596392304064196,0,0,0,0,0,1
Holiday Inn London Kensington,7.8,7.723591040462428,5945.0,1172.0,27.1875,13.101156069364162,5.153901734104046,51.499981,-0.1928791,-0.3411674118666165,7117.0,8.870382066070137,1,0,-1,0,0,0
Holiday Inn London Kensington Forum,7.8,7.848202396804261,3867.0,854.0,19.50266311584554,13.878828229027963,5.450732356857523,51.4942305,-0.1851141,-0.16357158072074512,4721.0,8.459987717645458,1,0,0,0,0,0
Holiday Inn London Mayfair,8.0,8.052395672333848,1894.0,390.0,17.330757341576508,13.213292117465224,5.4265842349304485,51.507746,-0.1422993,-0.13053064824342203,2284.0,7.734121303328305,0,0,0,0,0,0
Holiday Inn London Oxford Circus,7.5,7.388223140495868,1287.0,241.0,18.18801652892562,11.299586776859504,4.816115702479339,51.516843,-0.1495574,-0.22594198969910542,1528.0,7.332369205929062,1,0,-1,0,0,0
Holiday Inn London Regent s Park,8.2,8.175786924939468,2266.0,542.0,14.790556900726392,15.217917675544793,5.162227602905569,51.5222472,-0.1426128,0.013782063795728723,2808.0,7.940583827104244,0,0,0,0,0,0
Holiday Inn London Stratford City,8.7,8.679376257545272,2130.0,641.0,16.3420523138833,15.203219315895373,6.035211267605634,51.5426054,-0.0072708,-0.03499227202472952,2771.0,7.927324360309794,0,0,0,0,0,0
Holiday Inn London Wembley,8.3,8.298863636363636,3469.0,1005.0,18.35930735930736,14.248376623376624,4.3728354978354975,51.5590955,-0.284704,-0.12232115542531435,4474.0,8.406261630708956,0,0,0,0,0,0
Holiday Inn London West,8.1,7.982738944365192,1500.0,401.0,22.75320970042796,13.957203994293867,4.235378031383737,51.5210117,-0.2628618,-0.23325137128806506,1901.0,7.550661243105336,1,0,-1,0,0,0
Holiday Inn London Whitechapel,8.5,8.648541114058355,1131.0,275.0,15.39522546419098,16.10079575596817,5.021220159151194,51.5154006,-0.0572364,0.0217125132642234,1406.0,7.249215057114389,0,0,0,0,0,0
Holiday Inn Milan Garibaldi Station,8.3,8.261224489795918,484.0,45.0,13.591836734693878,15.571428571428571,5.408163265306122,45.488764,9.183057,0.0656292286874154,529.0,6.272877006546167,0,0,0,1,0,0
Holiday Inn Paris Elys es,8.0,7.711111111111111,421.0,44.0,18.253968253968253,13.65079365079365,4.619047619047619,48.8730437,2.3161144,-0.13989387361312106,465.0,6.144185634125646,1,0,-1,3,0,0
Holiday Inn Paris Gare Montparnasse,7.5,7.21178247734139,3228.0,201.0,20.006042296072508,12.80060422960725,6.190332326283988,48.8382916,2.3230188,-0.2131367292225201,3429.0,8.140315540159985,1,0,-1,0,0,0
Holiday Inn Paris Gare de Lyon Bastille,8.3,8.274936708860759,2200.0,205.0,13.437974683544304,16.475949367088607,8.131645569620254,48.8468064,2.3714789,0.09827204979117185,2405.0,7.785720896534624,0,0,0,1,0,0
Holiday Inn Paris Gare de l Est,7.9,7.761824623560673,6511.0,710.0,19.092116917626218,14.975199291408327,6.932683790965456,48.8758981,2.3590504,-0.1174004192872117,7221.0,8.884887201837403,1,0,-1,0,0,0
Holiday Inn Paris Montmartre,8.3,8.432727272727274,298.0,21.0,14.709090909090909,21.363636363636363,5.890909090909091,,,0.17949975478175575,319.0,5.768320995793772,0,0,3,1,0,1
Holiday Inn Paris Montparnasse Pasteur,7.1,6.3297297297297295,344.0,27.0,37.972972972972975,11.837837837837839,4.621621621621622,48.8376887,2.3063102,-0.5143617021276595,371.0,5.918893854273146,1,0,-1,3,4,0
Holiday Inn Paris Notre Dame,8.3,8.476744186046512,1174.0,132.0,16.973421926910298,20.421926910299003,5.5514950166112955,48.8528427,2.3422256,0.08981569611490875,1306.0,7.175489713624222,0,0,0,0,0,0
Holiday Inn Paris Op ra Grands Boulevards,8.2,7.995454545454545,581.0,57.0,20.154545454545456,17.09090909090909,8.081818181818182,48.8715469,2.3439622,-0.08010458759210845,638.0,6.459904454377535,0,0,0,0,0,0
Holiday Inn Paris Saint Germain des Pr s,8.1,8.288461538461538,1407.0,139.0,17.414529914529915,16.935897435897434,6.371794871794871,48.846837,2.3258066,-0.01353965183752423,1546.0,7.344072850573066,0,0,0,0,0,0
Holiday Inn Vienna City,8.7,8.681818181818182,385.0,52.0,11.121212121212121,19.09090909090909,7.181818181818182,48.1935593,16.3616098,0.2553398058252427,437.0,6.082218910376446,2,1,0,1,0,1
Hollmann Beletage Design Boutique,9.3,9.553921568627452,389.0,43.0,11.0,29.852941176470587,10.53921568627451,48.2105156,16.3760717,0.4504567814476458,432.0,6.07073772800249,2,1,-1,1,0,1
Hotel 1898,9.2,9.238194444444444,1436.0,221.0,16.391203703703702,19.66898148148148,5.763888888888889,41.3834673,2.1712016,0.08844472204871957,1657.0,7.4133673356952405,2,1,-1,0,0,1
Hotel 4 Barcelona,7.7,7.729166666666667,771.0,80.0,20.225,17.291666666666668,8.258333333333333,41.3959587,2.2008981,-0.07615750757247945,851.0,6.747586526829315,1,0,-1,0,0,0
Hotel 55,8.5,8.592727272727272,722.0,183.0,15.457142857142857,18.15844155844156,5.6,51.5213303,-0.2915052,0.0780370676071134,905.0,6.80903930604298,0,0,0,0,0,1
Hotel 82 London,7.5,7.46994382022472,1733.0,204.0,29.615168539325843,17.625,8.713483146067416,51.5195857,-0.1584803,-0.24855154744228028,1937.0,7.569411792450712,1,0,-1,0,0,0
Hotel Abbot,7.4,7.551282051282051,292.0,25.0,19.23076923076923,19.28205128205128,5.358974358974359,41.3815028,2.1449138,0.0012978585334198526,317.0,5.762051382780177,1,0,-1,3,0,0
Hotel Advance,8.3,8.45,156.0,18.0,11.892857142857142,20.285714285714285,6.642857142857143,,,0.25296017222820233,174.0,5.1647859739235145,2,0,-1,3,0,1
Hotel Alimara,8.1,7.842564102564102,1991.0,101.0,18.825641025641026,16.56923076923077,7.512820512820513,41.4337561,2.147327,-0.061998027335493845,2092.0,7.646353722445999,0,0,0,0,0,0
Hotel Am Konzerthaus Vienna MGallery by Sofitel,8.6,8.831304347826087,1307.0,125.0,14.069565217391304,18.3,10.717391304347826,48.1996129,16.3773546,0.1267752442996743,1432.0,7.267525427828172,3,1,-1,1,0,1
Hotel Am Parkring,9.0,9.079582366589328,2304.0,251.0,11.17169373549884,22.612529002320187,10.424593967517401,48.2056333,16.3778615,0.32890875133404485,2555.0,7.846198815497425,2,1,-1,1,0,1
Hotel Am Schubertring,8.2,8.243508771929825,1259.0,127.0,20.61754385964912,18.021052631578947,9.43859649122807,48.2017277,16.375463,-0.0655041161370275,1386.0,7.234898420314831,3,0,0,1,0,0
Hotel Am Stephansplatz,9.3,9.518518518518519,520.0,62.0,9.222222222222221,22.748148148148147,9.459259259259259,48.2087646,16.3721138,0.4102448887890362,582.0,6.368187186350492,2,1,0,1,0,1
Hotel Amadeus,8.9,8.929861111111112,717.0,82.0,13.9375,18.6875,11.76388888888889,48.2104468,16.3715781,0.1412639405204461,799.0,6.684611727667927,3,0,-1,1,0,1
Hotel Ambassador,8.3,8.142796610169492,1279.0,150.0,19.271186440677965,13.529661016949152,8.529661016949152,48.2057193,16.3710878,-0.16986335715181147,1429.0,7.265429723253953,0,0,0,0,0,0
Hotel America Barcelona,8.7,8.755555555555556,310.0,34.0,17.40740740740741,27.74074074074074,4.12962962962963,41.3919083,2.1573318,0.2239165329052969,344.0,5.84354441703136,2,1,-1,1,0,1
Hotel Amsterdam De Roode Leeuw,7.9,7.816470588235294,631.0,85.0,19.08823529411765,15.294117647058824,6.076470588235294,52.373704,4.893591,-0.10723192019950127,716.0,6.57507584059962,1,0,0,0,0,0
Hotel Arena,7.7,7.836296296296296,1403.0,194.0,30.8,23.639506172839507,5.977777777777778,52.3605759,4.9159683,-0.12915868703514005,1597.0,7.37650812632622,1,0,0,0,0,0
Hotel Ares Eiffel,8.8,8.958018867924528,667.0,103.0,14.174528301886792,21.839622641509433,7.037735849056604,48.8503276,2.2982022,0.20708551038613482,770.0,6.647688373563329,2,1,0,1,0,1
Hotel Arkadenhof,8.5,8.77142857142857,217.0,18.0,10.607142857142858,20.142857142857142,9.214285714285714,48.2307014,16.3552189,0.30033745781777277,235.0,5.4638318050256105,2,1,-1,1,0,1
Hotel Arts Barcelona,8.8,8.644871794871793,1350.0,219.0,22.07371794871795,14.121794871794872,6.573717948717949,41.3865424,2.1969665,-0.21378716070659198,1569.0,7.358830898342354,0,0,-1,0,0,0
Hotel Astor Saint Honor ,7.5,7.733333333333333,101.0,19.0,24.75,16.125,3.7916666666666665,48.8728324,2.3193886,-0.20597014925373133,120.0,4.795790545596741,1,0,-1,3,0,0
Hotel Astra Opera Astotel,8.4,8.25294117647059,250.0,23.0,11.676470588235293,21.147058823529413,9.176470588235293,48.8718321,2.3278866,0.28,273.0,5.6131281063880705,2,1,-1,3,0,1
Hotel Atlanta,7.8,7.695629820051414,2724.0,214.0,18.760925449871465,17.52699228791774,6.5886889460154245,,,-0.03309203722854183,2938.0,7.985824666418917,1,0,-1,0,0,0
Hotel Atmospheres,8.7,8.694193548387096,654.0,90.0,15.438709677419356,20.683870967741935,8.612903225806452,48.8485387,2.3479852,0.14129301355578724,744.0,6.61338421837956,2,1,0,1,0,1
Hotel Auriga,8.2,8.077519379844961,1299.0,113.0,13.833333333333334,16.573643410852714,11.674418604651162,45.4858877,9.2042827,0.08725163519684069,1412.0,7.253470382684528,3,0,-1,1,0,0
Hotel Bachaumont,8.8,8.976923076923077,625.0,88.0,12.782051282051283,18.846153846153847,6.57051282051282,48.8663208,2.3450399,0.18585461689587424,713.0,6.570882962339584,2,1,0,1,0,1
Hotel Bagu s,8.9,8.91344537815126,390.0,76.0,11.268907563025211,19.0,9.042016806722689,41.3827894,2.1715636,0.2472453641494222,466.0,6.1463292576688975,2,1,0,1,0,1
Hotel Balmes,8.5,8.574285714285715,931.0,98.0,20.3,21.304761904761904,9.361904761904762,41.3910621,2.1593373,0.02358332401922428,1029.0,6.937314081223682,3,1,0,1,0,1
Hotel Balmoral,8.3,8.43,1023.0,92.0,18.114285714285714,16.392857142857142,7.821428571428571,41.3961294,2.1551626,-0.04848119090726213,1115.0,7.017506142941256,0,0,0,0,0,0
Hotel Barcelona Catedral,8.9,9.154597701149426,2695.0,387.0,15.036781609195403,21.58390804597701,6.005747126436781,41.384829,2.1751277,0.174029941949282,3082.0,8.03365842788615,2,1,0,0,0,1
Hotel Barcelona Center,8.4,8.470078740157481,1472.0,128.0,18.224409448818896,16.47244094488189,6.122047244094488,41.3917169,2.1592614,-0.04907907797507444,1600.0,7.3783837129967145,0,0,0,0,0,0
Hotel Barcelona Universal,8.8,8.95217391304348,807.0,111.0,14.33201581027668,20.561264822134387,5.739130434782608,41.375237,2.1684058,0.1735491685937672,918.0,6.823286122355687,2,1,0,1,0,1
Hotel Beethoven Wien,8.9,9.25925925925926,578.0,62.0,11.12962962962963,24.78395061728395,9.185185185185185,48.2000165,16.3641802,0.3698996655518394,640.0,6.46302945692067,2,1,0,1,0,1
Hotel Bellevue Wien,8.1,7.833333333333333,388.0,21.0,25.044444444444444,19.666666666666668,8.644444444444444,48.2264063,16.3600628,-0.11764705882352938,409.0,6.016157159698354,1,0,-1,3,0,0
Hotel Berna,9.2,9.339828897338403,4017.0,384.0,8.138783269961976,25.84315589353612,12.031368821292777,45.4826692,9.2034371,0.5061003777071276,4401.0,8.389814262086407,2,1,-1,1,0,1
Hotel Best Western PLUS Alfa Aeropuerto,7.8,7.898426573426573,2521.0,258.0,22.076923076923077,17.0,8.31993006993007,41.3283758,2.1129638,-0.12667946257197696,2779.0,7.930206206684683,1,0,0,0,0,0
Hotel Boltzmann,8.1,7.995714285714286,662.0,61.0,22.271428571428572,16.614285714285714,7.357142857142857,48.2216779,16.3567111,-0.14183381088825217,723.0,6.584791392385716,0,0,0,0,0,0
Hotel Boutique Duomo,7.5,7.259677419354839,491.0,34.0,30.048387096774192,18.177419354838708,7.645161290322581,45.4909585,9.1614268,-0.2411533420707733,525.0,6.26530121273771,1,0,-1,3,0,0
Hotel Bristol,8.0,8.072602739726026,516.0,37.0,16.28767123287671,13.301369863013699,13.424657534246576,45.4845769,9.2065256,-0.09762651141961483,553.0,6.317164686747284,3,0,-1,1,0,0
Hotel Bristol A Luxury Collection Hotel,9.1,9.035,336.0,38.0,19.366666666666667,21.15,9.1,48.2024907,16.3702656,0.042954636692091486,374.0,5.926926025970411,2,1,-1,0,0,1
Hotel Cafe Royal,9.3,9.205769230769231,1128.0,211.0,14.32967032967033,16.88736263736264,8.06043956043956,51.5100916,-0.1359431,0.07938944316534494,1339.0,7.200424892944957,2,1,0,0,0,1
Hotel Cambon,8.3,8.312727272727273,323.0,48.0,12.618181818181819,15.472727272727273,13.0,48.866435,2.3251076,0.09812499999999996,371.0,5.918893854273146,3,0,-1,1,0,1
Hotel Capitol Milano,8.3,8.124242424242425,584.0,59.0,14.636363636363637,17.0,10.696969696969697,45.4661781,9.1588367,0.07242339832869078,643.0,6.467698726104354,3,0,-1,3,0,0
Hotel Capricorno,9.1,9.269667318982387,2279.0,177.0,10.101761252446185,24.874755381604697,8.009784735812133,48.2111522,16.3788631,0.41062880765883375,2456.0,7.806696372521179,2,1,0,1,0,1
Hotel Carlton s Montmartre,7.8,7.453333333333333,559.0,37.0,20.244444444444444,16.444444444444443,9.744444444444444,48.8819068,2.3410005,-0.10082547169811325,596.0,6.391917113392602,1,0,-1,3,0,0
Hotel Carrobbio,8.0,7.937404580152672,888.0,67.0,19.35114503816794,16.47328244274809,8.564885496183207,45.4606597,9.1810947,-0.07815091210613603,955.0,6.862757913051401,1,0,0,0,0,0
Hotel Casa Bonay,8.7,8.931666666666667,1416.0,195.0,22.06111111111111,29.641666666666666,6.938888888888889,41.3935967,2.1742718,0.14383597744162757,1611.0,7.385230923066573,0,1,0,0,0,1
Hotel Casa Camper,9.6,9.718936877076413,732.0,116.0,7.4186046511627906,31.6843853820598,5.617940199335548,41.3832414,2.1685298,0.6050865711208683,848.0,6.744059186311348,2,1,-1,1,0,1
Hotel Casa Fuster G L Monumento,9.0,9.020444444444443,935.0,101.0,17.351111111111113,17.653333333333332,6.866666666666666,41.3980162,2.1581229,0.008394025428959319,1036.0,6.9440872082295275,2,1,0,0,0,1
Hotel Cavendish,6.4,6.442065217391304,2275.0,369.0,27.945652173913043,13.205434782608696,4.866304347826087,51.5220522,-0.132414,-0.3496995796694087,2644.0,7.8804263442924,1,0,-1,0,4,0
Hotel Cavour,8.5,8.447000000000001,2463.0,233.0,13.05,16.16,10.14,45.4726942,9.1943911,0.10294604435617342,2696.0,7.89989532313973,3,0,0,1,0,1
Hotel Champs Elys es Friedland by Happyculture,8.7,8.902857142857142,424.0,59.0,7.904761904761905,21.714285714285715,7.428571428571429,48.8750848,2.3048372,0.4510108864696734,483.0,6.182084906716632,2,1,-1,1,0,1
Hotel Chavanel,8.7,8.614285714285714,130.0,12.0,13.571428571428571,16.285714285714285,5.928571428571429,48.8721692,2.3262681,0.08796296296296295,142.0,4.962844630259907,2,0,-1,3,0,1
Hotel City Central,8.6,8.678685612788634,2923.0,211.0,12.076376554174068,21.364120781527532,9.325044404973356,,,0.2696750902527076,3134.0,8.050384453067021,3,1,-1,1,0,1
Hotel Ciutadella Barcelona,8.1,8.31505376344086,448.0,52.0,25.107526881720432,17.72043010752688,6.978494623655914,41.3837583,2.1846933,-0.16854759568204128,500.0,6.2166061010848646,0,0,0,3,0,0
Hotel Claridge Paris,8.1,8.327807486631016,724.0,120.0,15.005347593582888,13.352941176470589,11.679144385026738,48.8684243,2.3036244,-0.05628415300546448,844.0,6.739336627357174,3,0,0,3,0,0
Hotel Clerici,9.0,8.91081081081081,517.0,48.0,15.162162162162161,23.91891891891892,10.162162162162161,45.4667717,9.1871001,0.2184760620364127,565.0,6.338594078203183,2,1,0,1,0,1
Hotel Corvinus,8.5,8.687962962962963,581.0,64.0,12.36111111111111,19.09259259259259,13.814814814814815,48.1990335,16.3525051,0.20741797432239656,645.0,6.470799503782602,3,0,-1,1,0,1
Hotel Crivi s,8.0,7.654054054054054,739.0,66.0,15.135135135135135,19.95945945945946,12.283783783783784,45.4529643,9.1962217,0.13365780606514413,805.0,6.692083742506628,3,0,-1,3,0,0
Hotel D Este,8.1,7.91530612244898,1085.0,96.0,17.775510204081634,17.846938775510203,12.642857142857142,45.4510397,9.1920911,0.0019504040122596269,1181.0,7.074963197966044,3,0,-1,1,0,0
Hotel DO Pla a Reial G L ,9.3,9.357425742574257,252.0,40.0,15.831683168316832,28.554455445544555,9.069306930693068,41.3799929,2.1748256,0.2803228621291448,292.0,5.680172609017068,2,1,-1,1,0,1
Hotel Da Vinci,8.1,7.790724946695096,16670.0,904.0,26.655650319829423,17.927505330490405,10.421108742004265,45.5331372,9.1711019,-0.19147741890216807,17574.0,9.774232716678865,3,0,-1,1,0,0
Hotel Daniel Paris,8.8,9.008333333333333,43.0,9.0,21.25,15.333333333333334,5.416666666666667,48.8728492,2.3073663,-0.15742793791574278,52.0,3.970291913552122,2,0,-1,3,0,1
Hotel Daniel Vienna,8.5,8.506122448979593,1405.0,101.0,22.685714285714287,22.412244897959184,10.036734693877552,,,-0.005932353462015253,1506.0,7.317876198626496,3,0,0,1,0,0
Hotel Das Tigra,8.9,8.969553072625699,1817.0,153.0,13.620111731843576,20.95810055865922,11.974860335195531,48.2121772,16.3680771,0.2062495093036037,1970.0,7.58629630715272,3,0,-1,1,0,1
Hotel De Hallen,8.8,8.854084507042254,1420.0,215.0,18.991549295774647,26.307042253521125,9.763380281690141,52.3677568,4.8682174,0.15800681431005112,1635.0,7.400009517162692,3,1,0,1,0,1
Hotel De Vigny,7.5,8.042857142857143,368.0,59.0,19.50793650793651,13.841269841269842,10.793650793650794,48.8738672,2.3005894,-0.16497227356746766,427.0,6.059123195581797,1,0,-1,3,0,0
Hotel Dei Cavalieri,8.4,8.292586490939046,3445.0,301.0,20.092257001647447,17.184514003294893,8.967051070840197,45.4608547,9.1886179,-0.07596625634845484,3746.0,8.228710798793687,0,0,0,1,0,0
Hotel Derby,8.0,8.089333333333334,808.0,76.0,12.373333333333333,12.453333333333333,8.68,41.3897735,2.1419762,0.0030975735673722275,884.0,6.785587645007929,0,0,0,0,0,0
Hotel Des Saints Peres Esprit de France,8.8,9.113333333333333,560.0,63.0,13.561904761904762,17.276190476190475,6.276190476190476,48.8534026,2.3299043,0.11666168112473825,623.0,6.436150368369428,2,1,0,0,0,1
Hotel Design Secret de Paris,9.2,9.366666666666667,618.0,54.0,11.21505376344086,27.64516129032258,5.870967741935484,48.8814056,2.3282568,0.41219314809819263,672.0,6.511745329644728,2,1,0,1,0,1
Hotel Die Port van Cleve,8.0,8.05267857142857,1189.0,191.0,19.916666666666668,16.928571428571427,7.690476190476191,52.3741426,4.8907741,-0.07895564642969495,1380.0,7.2305631534092925,0,0,0,0,0,0
Hotel Dieci,8.1,7.74,458.0,37.0,13.56,17.64,10.3,45.4738012,9.2239702,0.12670807453416147,495.0,6.206575926724928,3,0,-1,3,0,0
Hotel Domizil,8.9,9.06311111111111,1558.0,113.0,13.257777777777777,20.75111111111111,10.408888888888889,48.2080479,16.375612,0.21404087850704584,1671.0,7.421775793644647,3,1,0,1,0,1
Hotel Duminy Vendome,8.2,8.296666666666667,769.0,76.0,17.826666666666668,17.013333333333332,7.173333333333333,48.8654726,2.3292934,-0.022693452380952456,845.0,6.740519359606223,0,0,0,0,0,0
Hotel Dupond Smith,9.3,9.482608695652173,60.0,13.0,6.739130434782608,22.08695652173913,5.260869565217392,48.857898,2.3571978,0.5145772594752186,73.0,4.30406509320417,2,1,-1,1,0,1
Hotel Eden,8.5,8.771428571428572,477.0,39.0,14.885714285714286,17.428571428571427,8.014285714285714,48.8405612,2.2991035,0.07632933104631212,516.0,6.248042874508429,0,1,0,3,0,1
Hotel Eiffel Blomet,9.4,9.646666666666667,79.0,6.0,7.8,38.266666666666666,2.933333333333333,48.8416787,2.3022862,0.6473087818696884,85.0,4.454347296253507,2,1,-1,1,0,1
Hotel Eitlj rg,8.2,7.75,131.0,13.0,16.666666666666668,19.833333333333332,13.333333333333334,48.1513676,16.4064709,0.08444444444444438,144.0,4.976733742420574,3,0,-1,3,1,0
Hotel Elys es Bassano,7.9,7.859504132231405,652.0,88.0,16.016528925619834,12.776859504132231,9.041322314049587,48.8689307,2.2974503,-0.1087378640776699,740.0,6.608000625296087,1,0,-1,0,0,0
Hotel Erzherzog Rainer,8.8,8.830615640599001,3598.0,279.0,15.392678868552412,21.221297836938437,9.745424292845257,48.1953229,16.3672882,0.15495886047951873,3877.0,8.263074835802596,3,1,0,1,0,1
Hotel Espa a Ramblas,8.7,8.796567164179104,1908.0,293.0,16.416417910447763,18.744776119402985,6.025373134328358,41.3799209,2.1728181,0.06438831104507178,2201.0,7.697121317282625,0,0,0,0,0,1
Hotel Esther a,9.1,9.266412629286881,4687.0,834.0,13.554708764289602,22.357648339684268,5.843767011431682,52.3705447,4.8886439,0.2384821849929212,5521.0,8.6164953924901,2,1,-1,0,0,1
Hotel Eug ne en Ville,8.3,8.20890052356021,1093.0,114.0,25.099476439790575,21.219895287958114,8.633507853403142,48.8750119,2.3416769,-0.08198716530205799,1207.0,7.0967213784947605,0,0,0,0,0,0
Hotel Front Maritim,7.5,7.324264705882353,747.0,81.0,29.49264705882353,15.683823529411764,6.411764705882353,41.4037972,2.213767,-0.2990445859872612,828.0,6.720220155135295,1,0,-1,0,0,0
Hotel G tico,8.2,8.092,139.0,15.0,15.96,17.52,4.64,41.3835584,2.178311,0.04524361948955912,154.0,5.043425116919247,0,0,-1,3,0,0
Hotel Galileo,7.9,7.609459459459459,1503.0,107.0,19.756756756756758,14.972972972972974,8.58108108108108,45.4642651,9.1960569,-0.13388804841149773,1610.0,7.384610383176974,1,0,-1,3,0,0
Hotel Gallitzinberg,8.6,7.875,173.0,7.0,47.5,24.125,9.5,48.2145071,16.2845042,-0.3218588640275387,180.0,5.198497031265826,1,0,-1,3,0,0
Hotel Garbi Millenni,7.6,7.5112499999999995,549.0,56.0,20.375,12.425,3.6,41.3759896,2.167148,-0.23520710059171598,605.0,6.406879986069314,1,0,-1,3,0,0
Hotel Georgette,8.8,9.013725490196078,307.0,28.0,21.45098039215686,24.50980392156863,7.117647058823529,48.8632723,2.352691,0.06513569937369527,335.0,5.817111159963204,2,1,0,3,0,1
Hotel Gran Derby Suites,8.5,8.283999999999999,470.0,33.0,16.706666666666667,16.133333333333333,7.96,41.3900104,2.1422396,-0.01694247438928292,503.0,6.222576268071369,0,0,0,3,0,0
Hotel Granados 83,8.8,8.825925925925926,573.0,82.0,16.733333333333334,19.57037037037037,6.859259259259259,41.391843,2.156844,0.07605242255758533,655.0,6.486160788944089,2,1,0,0,0,1
Hotel Grums Barcelona,8.3,8.347924528301887,1494.0,156.0,19.845283018867924,17.958490566037735,5.2377358490566035,41.3727844,2.1721134,-0.04862394242925218,1650.0,7.409136443920128,0,0,0,0,0,0
Hotel Imlauer Wien,8.5,8.487820512820512,1152.0,129.0,19.71794871794872,17.935897435897434,7.243589743589744,48.2176776,16.3821364,-0.04610281923714766,1281.0,7.156176637480615,0,0,0,0,0,0
Hotel Imperial A Luxury Collection Hotel,9.2,9.398701298701297,375.0,50.0,10.493506493506494,17.337662337662337,9.623376623376624,48.2012505,16.3731255,0.23738738738738735,425.0,6.054439346269371,2,1,0,1,0,1
Hotel Indigo Barcelona Plaza Catalunya,8.6,8.537593984962406,802.0,67.0,19.285714285714285,17.25563909774436,6.045112781954887,41.391362,2.1700953,-0.054075705988383724,869.0,6.76849321164863,0,0,0,0,0,0
Hotel Indigo London Kensington,9.1,9.229745042492917,975.0,147.0,14.254957507082153,23.60056657223796,7.742209631728045,51.4920287,-0.1917801,0.24052201808107315,1122.0,7.023758954738443,2,1,0,1,0,1
Hotel Indigo London Paddington,8.7,8.72276119402985,602.0,114.0,16.529850746268657,19.708955223880597,9.115671641791044,51.5150534,-0.1739974,0.08537074148296592,716.0,6.57507584059962,3,1,0,1,0,1
Hotel Indigo London Tower Hill,9.2,9.33815028901734,781.0,189.0,12.393063583815028,25.722543352601157,8.023121387283236,51.5128032,-0.07586,0.34077139057189304,970.0,6.878326468291325,2,1,0,1,0,1
Hotel Indigo Paris Opera,9.1,8.99391304347826,616.0,82.0,13.6,19.304347826086957,9.31304347826087,48.8704371,2.329236,0.16824826878686847,698.0,6.54965074223381,2,1,0,1,0,1
Hotel J ger,9.0,9.3625,315.0,21.0,10.7,27.2,7.5,48.2238463,16.3138357,0.42416452442159386,336.0,5.820082930352362,2,1,-1,1,0,1
Hotel JL No76,8.8,9.02051282051282,914.0,146.0,16.810897435897434,28.400641025641026,6.365384615384615,52.3595919,4.8801587,0.25079761409349427,1060.0,6.966967138613983,2,1,0,1,0,1
Hotel Johann Strauss,8.5,8.625454545454547,627.0,59.0,19.381818181818183,23.036363636363635,13.272727272727273,48.1949694,16.3692624,0.08417085427135673,686.0,6.532334292222349,3,0,-1,1,0,1
Hotel K nig von Ungarn,9.3,9.445149253731344,1207.0,138.0,8.085820895522389,27.28358208955224,7.205223880597015,48.2082215,16.3751842,0.5278547245306248,1345.0,7.204892510204673,2,1,-1,1,0,1
Hotel Kaiserin Elisabeth,9.2,9.217268041237114,1772.0,173.0,12.693298969072165,21.561855670103093,10.079896907216495,48.2072348,16.372238,0.25155347613129614,1945.0,7.57353126274595,2,1,-1,1,0,1
Hotel Kavalier,8.0,7.841042345276873,3333.0,185.0,22.09771986970684,15.058631921824103,11.631921824104234,48.1940487,16.2971831,-0.18448010927095781,3518.0,8.165932137321585,3,0,-1,1,0,0
Hotel L Antoine,8.9,9.142105263157895,796.0,84.0,10.953216374269006,25.666666666666668,10.216374269005849,48.8524215,2.3743832,0.3911083475827763,880.0,6.78105762593618,2,1,-1,1,0,1
Hotel La Lanterne,9.0,8.870833333333334,499.0,46.0,18.197916666666668,25.3125,7.4375,48.8489839,2.348383,0.1598408612216241,545.0,6.302618975744905,2,1,0,1,0,1
Hotel La Place,7.6,7.6392,301.0,55.0,16.336,14.84,8.6,51.5215257,-0.1533039,-0.046494281452013876,356.0,5.877735781779639,1,0,-1,3,0,0
Hotel La Spezia Gruppo MiniHotel,8.4,7.712121212121212,507.0,23.0,15.515151515151516,12.909090909090908,14.484848484848484,45.4408963,9.1728003,-0.08856848609680747,530.0,6.274762021241939,3,0,-1,2,1,0
Hotel La Villa Saint Germain Des Pr s,9.1,9.125490196078431,190.0,33.0,13.490196078431373,20.84313725490196,6.392156862745098,48.8553486,2.3340736,0.2081021087680355,223.0,5.4116460518550396,2,1,-1,1,0,1
Hotel Lam e,8.7,8.729239766081871,866.0,78.0,16.707602339181285,19.005847953216374,10.90643274853801,48.2102677,16.3741269,0.0625995539980886,944.0,6.851184927493743,3,1,0,1,0,1
Hotel Landhaus Fuhrgassl Huber,9.0,9.138028169014083,719.0,37.0,8.788732394366198,25.845070422535212,15.464788732394366,48.2508693,16.304957,0.4786561264822135,756.0,6.6293632534374485,3,1,-1,3,0,1
Hotel Le 10 BIS,9.2,9.344897959183672,196.0,26.0,6.489795918367347,20.693877551020407,7.183673469387755,48.8780363,2.2864907,0.5039826212889211,222.0,5.407171771460119,2,1,-1,1,0,1
Hotel Le Chat Noir,8.2,8.210852713178294,705.0,58.0,18.488372093023255,20.410852713178294,8.65891472868217,48.8836255,2.3340538,0.04818340781037498,763.0,6.638567789166521,0,0,0,1,0,0
Hotel Le Mareuil,8.9,9.191489361702128,153.0,21.0,8.702127659574469,30.76595744680851,9.46808510638298,48.8659899,2.3674149,0.5452155625657202,174.0,5.1647859739235145,2,1,-1,1,0,1
Hotel Le Pera,7.8,7.6909090909090905,229.0,13.0,19.59090909090909,10.590909090909092,8.272727272727273,48.871309,2.3277079,-0.2886297376093294,242.0,5.493061443340548,1,0,-1,3,0,0
Hotel Le Placide Saint Germain Des Pr s,8.4,8.320833333333333,123.0,10.0,21.208333333333332,37.458333333333336,6.791666666666667,48.8498439,2.3244253,0.27234636871508383,133.0,4.897839799950911,2,0,-1,3,0,1
Hotel Le Saint Gregoire,8.5,8.245000000000001,106.0,6.0,8.35,14.5,8.2,48.8471891,2.3260138,0.2578616352201258,112.0,4.727387818712341,2,0,-1,3,0,1
Hotel Le Sainte Beuve,8.9,9.044897959183674,143.0,22.0,9.081632653061224,17.040816326530614,8.081632653061224,48.8438998,2.3294858,0.2934537246049662,165.0,5.111987788356544,2,1,-1,1,0,1
Hotel Le Six,9.1,9.403174603174604,177.0,40.0,9.873015873015873,26.22222222222222,5.2063492063492065,48.8438352,2.3280708,0.4407359863072315,217.0,5.384495062789089,2,1,-1,1,0,1
Hotel Le Squara,8.3,8.205737704918032,776.0,45.0,18.172131147540984,19.16393442622951,12.721311475409836,48.884165,2.3328261,0.025871285011759698,821.0,6.71174039505618,3,0,0,1,0,0
Hotel Le petit Paris,8.8,8.933333333333334,221.0,40.0,12.929824561403509,19.45614035087719,6.631578947368421,48.8452789,2.342295,0.1954808197582764,261.0,5.568344503761097,2,1,0,1,0,1
Hotel Les Bains Paris,8.9,8.928571428571429,153.0,36.0,10.771428571428572,18.885714285714286,6.4,48.863828,2.3519345,0.2646784715750233,189.0,5.247024072160486,2,1,-1,1,0,1
Hotel Les Bulles De Paris,8.2,8.20503144654088,712.0,52.0,22.07547169811321,17.69182389937107,9.955974842767295,48.849147,2.3471935,-0.10752854057389695,764.0,6.639875833826536,3,0,0,1,0,0
Hotel Les Rives de Notre Dame,8.6,9.054166666666667,265.0,23.0,9.694444444444445,25.38888888888889,9.180555555555555,48.8532269,2.3457159,0.43494996150885296,288.0,5.666426688112432,2,1,-1,3,0,1
Hotel Les Th tres,8.2,8.399186991869918,738.0,63.0,17.951219512195124,21.991869918699187,10.268292682926829,48.8694768,2.3515065,0.09868943606036533,801.0,6.687108607866515,3,0,-1,1,0,0
Hotel Liberty,5.2,5.121538461538461,465.0,26.0,32.10769230769231,12.23076923076923,6.076923076923077,45.4508673,9.1948659,-0.43841194435018666,491.0,6.198478716492308,1,0,-1,3,4,0
Hotel Lloyd,7.5,7.285781990521326,1774.0,123.0,18.834123222748815,13.990521327014218,8.033175355450236,45.4580781,9.1924205,-0.14319742188594647,1897.0,7.5485559791698735,1,0,-1,3,0,0
Hotel Lombardia,7.9,7.634545454545455,713.0,41.0,26.29090909090909,14.036363636363637,6.672727272727273,45.4872511,9.2237385,-0.29652441706995153,754.0,6.626717749249025,1,0,0,0,0,0
Hotel Louis 2,8.4,8.785454545454545,265.0,34.0,11.781818181818181,18.745454545454546,6.745454545454545,48.8516148,2.3381293,0.22087658592848908,299.0,5.703782474656201,2,1,-1,3,0,1
Hotel Louvre Montana,8.4,8.615151515151515,325.0,37.0,11.318181818181818,18.454545454545453,8.893939393939394,48.8644627,2.3318473,0.2319054652880354,362.0,5.8944028342648505,2,1,0,1,0,1
Hotel Lumen Paris Louvre,8.7,8.952857142857143,289.0,28.0,12.071428571428571,22.685714285714287,7.585714285714285,48.8652582,2.3329632,0.29684378745505396,317.0,5.762051382780177,2,1,0,1,0,1
Hotel Mademoiselle,8.6,8.577114427860696,853.0,125.0,15.537313432835822,21.776119402985074,9.945273631840797,48.8772493,2.3543043,0.1628359953252824,978.0,6.88653164253051,3,1,0,1,0,1
Hotel Magna Pars Small Luxury Hotels of the World,9.0,8.77831325301205,454.0,50.0,15.409638554216867,19.951807228915662,11.650602409638553,45.4524879,9.1669784,0.1249171636845593,504.0,6.22455842927536,3,0,-1,3,0,1
Hotel Mailberger Hof,8.4,8.624852071005916,1781.0,142.0,14.571005917159763,18.615384615384617,11.7603550295858,48.204183,16.3726664,0.11830376460406755,1923.0,7.562161631225652,3,0,0,1,0,1
Hotel Maison Ath n e,8.8,9.031868131868132,346.0,31.0,16.560439560439562,20.912087912087912,12.175824175824175,48.8713421,2.3280723,0.11311053984575832,377.0,5.934894195619588,3,0,-1,3,0,1
Hotel Maison FL,8.7,8.924509803921568,417.0,74.0,12.990196078431373,18.08823529411765,7.333333333333333,48.8396395,2.2663056,0.15892420537897314,491.0,6.198478716492308,2,1,0,1,0,1
Hotel Malte Astotel,8.9,8.788461538461538,121.0,9.0,12.73076923076923,19.884615384615383,5.230769230769231,48.8672474,2.33738,0.2128146453089245,130.0,4.875197323201151,2,1,-1,3,0,1
Hotel Manin,8.4,8.331696428571428,1757.0,175.0,15.084821428571429,16.3125,7.741071428571429,45.4739801,9.1960671,0.03789444674107757,1932.0,7.566828479208331,0,0,0,1,0,0
Hotel Manzoni,9.2,9.269902912621358,956.0,108.0,8.466019417475728,17.54854368932039,9.66504854368932,45.470238,9.195347,0.3362084456424079,1064.0,6.970730078143525,2,1,0,1,0,1
Hotel Marconi,8.3,8.05546875,1806.0,141.0,19.0625,19.203125,10.2421875,45.4868744,9.2018407,0.003581376840429765,1947.0,7.5745584842024805,3,0,0,1,0,0
Hotel Margot House,9.4,9.315116279069768,335.0,42.0,19.790697674418606,21.872093023255815,7.22093023255814,41.3918805,2.1660363,0.04878713545925318,377.0,5.934894195619588,2,1,-1,0,0,1
Hotel Marignan Champs Elys es,8.7,8.680864197530864,645.0,91.0,22.364197530864196,13.864197530864198,8.728395061728396,48.8685093,2.3067895,-0.22832034488476202,736.0,6.602587892189336,0,0,-1,3,0,0
Hotel Mediolanum,8.4,8.463333333333333,885.0,65.0,12.775,18.633333333333333,11.1,45.4813423,9.2039494,0.18076626382103367,950.0,6.85751406254539,3,0,0,1,0,1
Hotel Mentana,7.4,7.599280575539568,974.0,69.0,16.899280575539567,18.014388489208635,9.431654676258994,45.4622972,9.1814695,0.031049679487179564,1043.0,6.950814768442584,1,0,-1,3,0,0
Hotel Mercure La Sorbonne Saint Germain des Pr s,8.3,8.625,464.0,37.0,12.475,17.6625,6.1875,48.8493499,2.3430569,0.16659975913287842,501.0,6.218600119691729,0,0,3,3,0,1
Hotel Mercure Milano Centro,8.4,8.71923076923077,515.0,47.0,11.987179487179487,19.602564102564102,11.294871794871796,45.4747809,9.2059385,0.2336742722265932,562.0,6.333279628139691,3,1,-1,3,0,1
Hotel Mercure Milano Solari,8.3,8.285,918.0,58.0,19.25,14.8125,8.0625,45.4565757,9.1684824,-0.1265597147950089,976.0,6.884486652042782,0,0,0,0,0,0
Hotel Mercure Wien City,8.2,8.178294573643411,910.0,86.0,16.496124031007753,16.434108527131784,8.124031007751938,48.2152663,16.376103,-0.0018277358921635854,996.0,6.904750769961838,0,0,0,0,0,0
Hotel Mercure Wien Westbahnhof,7.9,7.697701149425288,842.0,54.0,18.298850574712645,12.057471264367816,9.505747126436782,48.1983543,16.3375246,-0.19904692082111441,896.0,6.799055862058796,1,0,-1,3,0,0
Hotel Michelangelo,8.4,8.417170111287758,3510.0,347.0,11.84101748807631,18.37201907790143,11.252782193958664,45.4845143,9.2057532,0.2092395456629145,3857.0,8.257904193465674,3,0,-1,1,0,1
Hotel Midmost,9.2,9.335185185185184,460.0,72.0,10.824074074074074,21.76851851851852,6.4907407407407405,41.3856173,2.1659487,0.3257993384785005,532.0,6.278521424165844,2,1,0,1,0,1
Hotel Milano Scala,8.8,8.890114068441065,1274.0,134.0,12.406844106463879,20.84790874524715,12.110266159695817,45.4689376,9.1868891,0.2464202464202464,1408.0,7.25063551189868,3,0,-1,1,0,1
Hotel Miramar Barcelona GL,8.7,8.688209606986899,977.0,109.0,22.00873362445415,19.393013100436683,9.786026200873362,41.3703041,2.17141,-0.06168898043254373,1086.0,6.99117688712121,3,0,0,1,0,1
Hotel Monceau Wagram,7.9,7.964545454545455,772.0,55.0,24.154545454545456,21.10909090909091,11.190909090909091,48.8808779,2.2989756,-0.06582825702495582,827.0,6.71901315438526,3,0,-1,1,0,0
Hotel Monge,9.4,9.507826086956522,386.0,66.0,8.295652173913043,27.82608695652174,8.965217391304348,48.8447938,2.3524462,0.5261185289294916,452.0,6.115892125483034,2,1,-1,1,0,1
Hotel Monsieur,9.0,9.200555555555555,817.0,77.0,14.583333333333334,24.272222222222222,9.283333333333333,48.8735135,2.3217457,0.24310008363534988,894.0,6.796823718274855,2,1,0,1,0,1
Hotel Montaigne,8.1,7.824719101123595,431.0,68.0,24.786516853932586,15.269662921348315,8.865168539325843,48.865467,2.3038811,-0.2318007662835249,499.0,6.214608098422191,1,0,-1,3,0,0
Hotel Montalembert,8.5,8.502272727272727,126.0,22.0,13.454545454545455,19.568181818181817,5.681818181818182,48.8567042,2.3277805,0.17969271877087503,148.0,5.003946305945459,2,0,-1,3,0,1
Hotel Moonlight,9.0,9.089122807017544,617.0,107.0,12.364912280701754,26.12982456140351,11.905263157894737,51.4940285,-0.1910497,0.3485252309879176,724.0,6.586171654854675,2,1,-1,1,0,1
Hotel Mozart,8.0,7.9435546875,4015.0,323.0,16.796875,17.419921875,7.703125,45.4834133,9.1666361,0.01769175309189729,4338.0,8.37539918579835,0,0,-1,0,0,0
Hotel Murmuri Barcelona,8.8,8.681111111111111,375.0,76.0,15.533333333333333,16.07777777777778,7.366666666666666,41.3941625,2.1597836,0.016695059625212994,451.0,6.113682179832232,0,0,0,0,0,1
Hotel Neri,9.2,9.340789473684211,177.0,42.0,16.026315789473685,29.355263157894736,5.947368421052632,41.3832498,2.1753483,0.28737588652482265,219.0,5.393627546352362,2,1,-1,1,0,1
Hotel Nestroy Wien,8.1,8.097894736842104,682.0,75.0,20.36842105263158,18.873684210526317,7.810526315789474,48.2178332,16.3821636,-0.03714360449908445,757.0,6.630683385642372,0,0,0,0,0,0
Hotel OFF Paris Seine,8.4,7.875949367088608,683.0,44.0,30.82278481012658,24.417721518987342,8.430379746835444,48.8427364,2.3672171,-0.11388701327931575,727.0,6.590301048196686,0,0,0,3,0,0
Hotel Odeon Saint Germain,8.6,8.783832335329341,559.0,89.0,13.215568862275449,17.91616766467066,5.850299401197605,48.8513515,2.3375084,0.14629146477823338,648.0,6.47543271670409,2,1,0,1,0,1
Hotel Okura Amsterdam,8.9,8.798910675381263,2295.0,383.0,18.77124183006536,18.333333333333332,8.455337690631808,52.3487635,4.8938829,-0.01149228130360211,2678.0,7.893198869544609,0,1,-1,0,0,1
Hotel Omm,8.9,8.921804511278195,631.0,91.0,12.518796992481203,16.37593984962406,5.924812030075188,41.3962468,2.1609551,0.12902414486921532,722.0,6.583409222158765,2,1,0,0,0,1
Hotel Op ra Richepanse,9.2,9.302892561983471,1073.0,127.0,10.190082644628099,21.56611570247934,12.454545454545455,48.8686931,2.325211,0.34729405828182164,1200.0,7.0909098220799835,2,1,-1,1,0,1
Hotel Opera Cadet,8.5,8.589230769230769,349.0,33.0,10.076923076923077,19.107692307692307,8.907692307692308,48.8754371,2.3434586,0.29918450560652393,382.0,5.948034989180646,2,1,-1,1,0,1
Hotel Oscar,8.5,8.79404761904762,408.0,72.0,16.36904761904762,19.261904761904763,8.571428571428571,48.8694755,2.3046954,0.07897302567435813,480.0,6.175867270105761,2,1,0,3,0,1
Hotel Palace GL,9.4,9.479271708683473,1266.0,195.0,10.207282913165265,23.19607843137255,6.851540616246498,41.3916258,2.1716378,0.3775443738804755,1461.0,7.2875606403097235,2,1,0,1,0,1
Hotel Palais Strudlhof,8.7,8.64179104477612,1356.0,84.0,14.283582089552239,19.96268656716418,13.626865671641792,48.2217697,16.3578738,0.1611264027101419,1440.0,7.273092595999522,3,0,-1,1,0,1
Hotel Panache,8.6,8.489024390243904,371.0,40.0,15.731707317073171,19.695121951219512,7.951219512195122,48.8732543,2.343239,0.1088048208905256,411.0,6.021023349349527,2,0,-1,1,0,1
Hotel Parc Saint Severin Esprit de France,9.1,9.188888888888888,600.0,78.0,10.228395061728396,24.69753086419753,9.04320987654321,48.8518584,2.3447798,0.4027491408934708,678.0,6.520621127558696,2,1,0,1,0,1
Hotel Parco di Sch nbrunn Vienna,7.9,7.352542372881356,576.0,26.0,40.932203389830505,15.152542372881356,11.610169491525424,48.1776236,16.3243588,-0.45160332541567694,602.0,6.401917196727186,1,0,-1,3,0,0
Hotel Park Lane Paris,8.7,8.633766233766233,824.0,81.0,12.53896103896104,21.383116883116884,6.324675324675325,48.8745879,2.3188143,0.25325399776868723,905.0,6.80903930604298,2,1,0,1,0,1
Hotel Park Villa,8.6,8.978688524590165,564.0,37.0,13.721311475409836,23.704918032786885,13.098360655737705,,,0.2598122866894198,601.0,6.400257445308821,3,0,-1,3,0,1
Hotel Pension Baron am Schottentor,8.0,8.030044843049328,1315.0,122.0,17.349775784753362,19.05829596412556,10.5695067264574,,,0.04567250059937664,1437.0,7.271008538280992,3,0,0,1,0,0
Hotel Pierre Milano,7.5,7.308955223880597,397.0,44.0,20.582089552238806,13.970149253731343,6.746268656716418,45.4595203,9.1770004,-0.18597816960537364,441.0,6.091309882077698,1,0,-1,3,0,0
Hotel Plaza Athenee Paris,9.3,9.566666666666666,160.0,34.0,10.777777777777779,10.13888888888889,7.861111111111111,48.8661932,2.3042141,-0.02915082382762993,194.0,5.272999558563747,2,1,-1,3,0,1
Hotel Plaza Elys es,8.5,8.655238095238095,563.0,52.0,13.523809523809524,17.095238095238095,5.476190476190476,48.8746128,2.3056956,0.11295180722891565,615.0,6.423246963533519,0,1,0,0,0,1
Hotel Portello Gruppo Minihotel,7.8,7.778873239436619,1197.0,61.0,13.028169014084508,17.619718309859156,10.140845070422536,45.4802503,9.1494925,0.14508233199821985,1258.0,7.138073034044347,3,0,-1,3,0,0
Hotel Principe Di Savoia,9.1,9.114285714285714,1543.0,241.0,10.292857142857143,16.889285714285716,8.096428571428572,45.479888,9.1962982,0.23406412368521107,1784.0,7.487173694213739,2,1,0,1,0,1
Hotel Prinz Eugen,8.3,8.425636007827789,3308.0,226.0,14.57729941291585,21.015655577299412,11.986301369863014,48.1877258,16.3781454,0.17594523771324672,3534.0,8.170468578330674,3,0,-1,1,0,1
Hotel Pulitzer,8.8,8.867676767676768,1746.0,256.0,13.804040404040403,19.18989898989899,8.517171717171717,41.386136,2.1682914,0.15843584715041303,2002.0,7.602401335665818,3,1,0,1,0,1
Hotel Pulitzer Paris,8.4,8.208,1521.0,120.0,16.805,17.905,7.58,48.8731996,2.3425446,0.030803696443573267,1641.0,7.403670290012373,0,0,0,1,0,0
Hotel Raffaello,8.1,7.679012345679013,824.0,44.0,20.234567901234566,20.901234567901234,7.604938271604938,45.494861,9.141551,0.0158218576032816,868.0,6.767343125265392,0,0,-1,3,0,0
Hotel Rathaus Wein Design,9.3,9.383136094674557,1120.0,164.0,10.70414201183432,25.01775147928994,6.355029585798817,48.2075294,16.3525967,0.3897840799226555,1284.0,7.158513997329321,2,1,0,1,0,1
Hotel Regina,8.5,8.486188436830835,2775.0,334.0,15.191648822269807,17.64775160599572,8.251605995717345,41.3858891,2.1681652,0.07258115547680825,3109.0,8.04237800517328,0,1,0,1,0,0
Hotel Rekord,8.1,7.963793103448276,461.0,28.0,15.017241379310345,21.24137931034483,8.327586206896552,41.3985449,2.1438237,0.16705229060620086,489.0,6.194405391104672,0,0,-1,3,0,0
Hotel Roemer Amsterdam,8.3,8.516044776119404,974.0,119.0,23.097014925373134,22.58955223880597,9.059701492537313,52.3617577,4.8780052,-0.010869565217391268,1093.0,6.9975959829819265,3,0,0,1,0,0
Hotel Romana Residence,7.8,7.624850299401197,2241.0,191.0,21.311377245508982,14.754491017964073,9.574850299401197,45.4572218,9.1937008,-0.17689822294022614,2432.0,7.796880342783522,1,0,1,1,0,0
Hotel Ronda Lesseps,7.4,7.6168674698795185,867.0,43.0,19.57831325301205,18.397590361445783,4.867469879518072,41.408641,2.1478143,-0.03029366306027822,910.0,6.814542897259958,1,0,-1,3,0,0
Hotel Royal,8.6,8.659731543624162,840.0,74.0,18.91275167785235,17.77181208053691,10.718120805369127,48.2078727,16.3724042,-0.03027604630454144,914.0,6.818924065275521,3,0,0,1,0,1
Hotel Royal Elys es,7.0,7.453333333333333,251.0,36.0,11.311111111111112,10.422222222222222,7.155555555555556,48.8729666,2.2926226,-0.0391006842619746,287.0,5.662960480135946,1,0,-1,3,0,0
Hotel SB Diagonal Zero Barcelona 4 Sup,8.2,8.141252955082741,4645.0,488.0,25.20449172576832,21.40661938534279,5.547281323877068,41.4111652,2.2192012,-0.07976861391792248,5133.0,8.543640361431086,0,0,0,0,0,0
Hotel SB Icaria Barcelona,8.0,8.118355184743743,3633.0,439.0,20.873659117997615,18.09773539928486,5.271752085816448,41.3935591,2.1993915,-0.0694477576335878,4072.0,8.312135107648412,0,0,0,0,0,0
Hotel Sacher Wien,9.5,9.589230769230769,632.0,60.0,11.407692307692308,24.26153846153846,10.553846153846154,48.2038793,16.3698086,0.35053492762743865,692.0,6.541029999189903,2,1,-1,1,0,1
Hotel Saint Dominique,8.7,8.764462809917354,516.0,60.0,13.867768595041323,24.355371900826448,7.636363636363637,48.8599998,2.3087425,0.2673830594184577,576.0,6.3578422665081,2,1,0,1,0,1
Hotel Saint Petersbourg Opera,8.9,8.92140992167102,2412.0,211.0,12.754569190600522,19.861618798955615,7.258485639686684,48.872174,2.328075,0.21141747572815536,2623.0,7.8724551500639794,2,1,0,1,0,1
Hotel Sanpi Milano,8.5,8.605228758169934,904.0,64.0,12.928104575163399,19.954248366013072,9.529411764705882,45.4777623,9.203169,0.20736882716049382,968.0,6.876264611890766,3,1,0,1,0,1
Hotel Sans Souci Wien,9.4,9.506382978723405,824.0,101.0,15.072340425531914,23.463829787234044,8.302127659574468,48.204576,16.3563661,0.21224841244214834,925.0,6.8308742346461795,2,1,-1,0,0,1
Hotel Santa Marta Suites,9.2,9.33954802259887,549.0,64.0,14.497175141242938,23.75141242937853,8.92090395480226,45.4630441,9.183607,0.2357852310349791,613.0,6.419994928147142,2,1,0,1,0,1
Hotel Schani Wien,8.8,8.840342298288508,2464.0,174.0,17.1320293398533,24.117359413202934,9.853300733496333,48.1824271,16.3808291,0.16533564814814813,2638.0,7.878155336503324,3,1,0,1,0,1
Hotel Schild,7.9,7.781632653061225,939.0,53.0,23.602040816326532,15.918367346938776,11.346938775510203,48.251195,16.2989165,-0.18962477965248048,992.0,6.900730664045173,1,0,-1,1,0,0
Hotel Scribe Paris Opera by Sofitel,8.6,8.777777777777779,705.0,97.0,14.511111111111111,17.103703703703705,7.140740740740741,48.8704175,2.3296832,0.07949125596184423,802.0,6.688354713946762,0,1,0,0,0,1
Hotel Serhs Rivoli Rambla,8.1,7.992436974789917,1957.0,226.0,19.10924369747899,13.873949579831933,6.80672268907563,41.3843222,2.1712893,-0.15405539070227495,2183.0,7.688913336864796,0,0,0,0,0,0
Hotel Seven One Seven,8.8,8.835294117647058,61.0,18.0,21.823529411764707,16.11764705882353,5.470588235294118,52.3648077,4.8853962,-0.14652567975830819,79.0,4.382026634673881,2,0,-1,3,0,1
Hotel Sezz Paris,8.4,8.049999999999999,132.0,14.0,10.583333333333334,14.875,6.041666666666667,48.8566336,2.2852607,0.16220472440944878,146.0,4.990432586778736,0,0,-1,3,0,1
Hotel Silver,8.4,8.153846153846153,213.0,18.0,12.846153846153847,15.692307692307692,46.88461538461539,45.4589731,9.0687506,0.09635416666666662,231.0,5.44673737166631,3,0,-1,2,2,1
Hotel Spa La Belle Juliette,8.9,9.028169014084508,303.0,36.0,16.718309859154928,23.704225352112676,6.816901408450704,48.8474426,2.3223783,0.16865011900714047,339.0,5.8289456176102075,2,1,0,1,0,1
Hotel Spa Villa Olimpica Suites,8.0,7.923314065510597,3565.0,305.0,26.15028901734104,17.252408477842003,6.250481695568401,41.3971434,2.1921947,-0.20039054024734218,3870.0,8.261268150577648,1,0,0,0,0,0
Hotel Spadari Al Duomo,9.3,9.443621399176955,755.0,100.0,6.386831275720165,20.48148148148148,8.567901234567902,45.463579,9.1869092,0.5057590076786769,855.0,6.752270376141742,2,1,-1,1,0,1
Hotel Square,8.5,8.310714285714285,148.0,15.0,19.607142857142858,20.321428571428573,6.642857142857143,48.851589,2.2777274,0.017452006980802817,163.0,5.099866427824199,0,0,-1,3,0,1
Hotel Stefanie,9.1,9.181900452488687,3883.0,404.0,10.903846153846153,22.111990950226243,7.680995475113122,48.2142766,16.3801779,0.32949783837712004,4287.0,8.363575702750637,2,1,-1,1,0,1
Hotel Stendhal Place Vend me Paris MGallery by Sofitel,8.8,9.46551724137931,141.0,12.0,5.275862068965517,20.655172413793103,6.0344827586206895,48.8681455,2.3313064,0.5710627400768247,153.0,5.0369526024136295,2,1,-1,3,0,1
Hotel Sunflower,7.6,7.141176470588235,594.0,33.0,21.54901960784314,11.411764705882353,8.0,45.498503,9.1664111,-0.29849884526558895,627.0,6.4425401664681985,1,0,-1,3,0,0
Hotel The Peninsula Paris,9.5,9.327586206896552,275.0,52.0,10.482758620689655,17.948275862068964,7.706896551724138,48.8710605,2.2933537,0.2536613942589338,327.0,5.793013608384144,2,1,0,3,0,1
Hotel The Serras,9.6,9.623474178403757,604.0,102.0,7.887323943661972,26.525821596244132,7.502347417840376,41.3801815,2.180688,0.5263157894736842,706.0,6.561030665896573,2,1,-1,1,0,1
Hotel Tiziano Park Vita Parcour Gruppo MiniHotels,8.6,8.072131147540983,708.0,48.0,10.262295081967213,18.852459016393443,12.901639344262295,45.4709657,9.1566242,0.28524768644529125,756.0,6.6293632534374485,3,0,-1,3,0,1
Hotel Tocq,8.6,8.741176470588234,189.0,10.0,22.58823529411765,28.676470588235293,7.147058823529412,45.4828787,9.186346,0.11648846370286996,199.0,5.298317366548036,2,0,-1,3,0,1
Hotel Topazz,8.7,8.85375,809.0,101.0,18.6625,19.91875,8.15625,48.210285,16.373579,0.03173851255329223,910.0,6.814542897259958,0,1,0,0,0,1
Hotel Tour d Auvergne Opera,8.3,8.476,164.0,18.0,29.64,18.72,7.36,48.8789432,2.3448623,-0.22123176661264185,182.0,5.209486152841421,0,0,-1,3,0,0
Hotel Trianon Rive Gauche,8.2,8.330275229357799,967.0,99.0,16.610091743119266,21.96788990825688,7.541284403669724,48.8487675,2.3410376,0.1353732035234121,1066.0,6.9726062513017535,0,0,0,1,0,0
Hotel V Fizeaustraat,9.1,9.344638403990025,1708.0,188.0,11.366583541147133,27.556109725685786,8.453865336658355,52.3451511,4.9252372,0.4055218939346617,1896.0,7.5480289699350145,2,1,0,1,0,1
Hotel V Nesplein,9.1,9.258653846153846,1650.0,293.0,13.365384615384615,21.486538461538462,6.007692307692308,52.3711037,4.8936787,0.2265193370165746,1943.0,7.572502985020384,2,1,0,0,0,1
Hotel VIU Milan,8.9,8.803448275862069,219.0,30.0,23.137931034482758,23.29310344827586,8.655172413793103,45.488764,9.183057,0.0032715376226826556,249.0,5.521460917862246,2,1,-1,0,0,1
Hotel Verneuil Saint Germain,8.7,8.786666666666667,165.0,36.0,13.506666666666666,15.493333333333334,5.093333333333334,48.8573706,2.3314669,0.06622222222222227,201.0,5.308267697401205,2,0,-1,3,0,1
Hotel ViennArt am Museumsquartier,8.4,8.232314410480349,2692.0,199.0,19.314410480349345,19.707423580786028,12.585152838427948,48.2035677,16.356445,0.009819967266775817,2891.0,7.969703583278656,3,0,-1,1,0,0
Hotel Vienna,8.1,7.611111111111111,1044.0,79.0,32.977777777777774,17.251851851851853,8.22962962962963,48.2196722,16.3863588,-0.3069693464430306,1123.0,7.024649030453636,1,0,-1,3,0,0
Hotel Vignon,8.8,8.773949579831932,617.0,65.0,17.159663865546218,18.571428571428573,9.294117647058824,48.8717146,2.3261812,0.03843514070006869,682.0,6.52649485957079,3,1,0,1,0,1
Hotel Vilamar ,8.3,8.27398843930636,1127.0,113.0,21.260115606936417,18.895953757225435,9.485549132947977,41.3766732,2.1524478,-0.057443820224719076,1240.0,7.123672785204607,3,0,0,1,0,0
Hotel Villa Emilia,9.1,9.15699481865285,869.0,93.0,15.414507772020725,25.860103626943005,6.181347150259067,41.3802469,2.1541149,0.24708910405686973,962.0,6.870053411798126,2,1,0,1,0,1
Hotel Villa Lafayette Paris IX,8.8,9.228,97.0,5.0,12.24,37.68,6.04,48.8760884,2.3456465,0.49960722702278076,102.0,4.634728988229636,2,1,-1,3,0,1
Hotel Villa Saxe Eiffel,8.9,9.025,346.0,43.0,15.4875,23.775,4.9625,48.849758,2.3095213,0.20583669667805024,389.0,5.966146739123692,2,1,6,1,0,1
Hotel Vittoria,8.1,8.142045454545455,676.0,49.0,18.977272727272727,19.727272727272727,7.7272727272727275,45.463135,9.2102,0.01888952489982828,725.0,6.587550014824796,0,0,0,0,0,0
Hotel Vondel Amsterdam,8.0,8.078544061302683,1952.0,248.0,26.551724137931036,17.448275862068964,7.461685823754789,52.3625662,4.8779225,-0.2022988505747127,2200.0,7.696667081526462,1,0,0,0,0,0
Hotel Vueling Bcn by HC,8.8,9.001242236024845,1696.0,167.0,12.729813664596273,20.88198757763975,7.555900621118012,41.3831641,2.1604736,0.23553162853297444,1863.0,7.530479995245536,2,1,0,1,0,1
Hotel Wagner,8.0,8.43,135.0,10.0,4.5,14.8,4.4,45.4684949,9.1550355,0.5073891625615764,145.0,4.983606621708336,2,0,-1,3,0,1
Hotel Wandl,8.5,8.409935897435897,1799.0,173.0,17.112179487179485,14.935897435897436,9.791666666666666,48.2097026,16.3703902,-0.06585200271554645,1972.0,7.587310506022615,3,0,0,1,0,0
Hotel Well and Come,9.0,9.052,1589.0,161.0,19.674666666666667,27.152,7.218666666666667,41.3991773,2.1656134,0.1563423473654865,1750.0,7.467942332285852,2,1,0,0,0,1
Hotel West End,8.8,8.918604651162791,452.0,79.0,12.953488372093023,24.294573643410853,9.178294573643411,48.8671391,2.3038447,0.29651398459667616,531.0,6.2766434893416445,2,1,0,1,0,1
Hotel Whistler,9.2,9.310714285714285,115.0,11.0,14.285714285714286,36.07142857142857,8.535714285714286,48.879314,2.3560185,0.4242002781641168,126.0,4.844187086458591,2,1,-1,1,0,1
Hotel Xanadu,8.6,8.67578125,269.0,80.0,17.75,15.5546875,5.921875,51.5117907,-0.306071,-0.0639945342746527,349.0,5.857933154483459,0,0,0,0,0,1
Hotel Xenia Autograph Collection,9.0,9.075,682.0,148.0,12.02027027027027,17.70945945945946,8.591216216216216,51.4946905,-0.1910197,0.1851363236587511,830.0,6.7226297948554485,2,1,0,1,0,1
Hotel Zeitgeist Vienna Hauptbahnhof,8.7,8.559,841.0,59.0,14.62,22.89,7.88,48.1829645,16.3776709,0.21474941573617246,900.0,6.803505257608338,2,1,0,1,0,1
Hotel d Orsay Esprit de France,9.1,9.319905213270141,741.0,99.0,10.4739336492891,25.222748815165875,8.23222748815166,48.8603599,2.3230778,0.4019114038486375,840.0,6.734591659972948,2,1,0,1,0,1
Hotel de France Wien,8.5,8.565376569037657,5177.0,416.0,17.339958158995817,16.534518828451883,7.7552301255230125,48.2146623,16.3627994,-0.023095380923815245,5593.0,8.629449873761905,0,0,0,0,0,0
Hotel de Nell,9.0,8.841975308641976,280.0,41.0,12.91358024691358,20.901234567901234,8.975308641975309,48.8732788,2.3466576,0.22943262411347515,321.0,5.7745515455444085,2,1,0,1,0,1
Hotel de Seze,9.2,9.4,489.0,61.0,10.05,20.1625,6.9125,48.8705741,2.3264194,0.3239887865438526,550.0,6.311734809152915,2,1,0,1,0,1
Hotel degli Arcimboldi,8.3,8.086583184257602,10842.0,563.0,22.992844364937387,20.075134168157422,11.83273703041145,45.5257221,9.2150033,-0.06620930421368841,11405.0,9.341894811716484,3,0,-1,1,0,0
Hotel des Tuileries Relais du Silence,8.1,8.223076923076922,446.0,43.0,23.065934065934066,16.01098901098901,6.846153846153846,48.8661705,2.331561,-0.17603509734027967,489.0,6.194405391104672,0,0,0,3,0,0
Hotel du Collectionneur Arc de Triomphe,8.1,8.072700296735905,1652.0,272.0,17.183976261127597,14.195845697329377,8.712166172106825,48.8769204,2.3069132,-0.09228372434017598,1924.0,7.562681246721884,0,0,0,0,0,0
Hotel du Louvre in the Unbound Collection by Hyatt,8.3,8.273426573426573,1120.0,172.0,17.517482517482517,16.475524475524477,6.63986013986014,48.8639788,2.3352615,-0.029776179056754535,1292.0,7.164720378771857,0,0,0,0,0,0
Hotel du Petit Moulin,9.1,9.312121212121212,206.0,38.0,10.575757575757576,24.575757575757574,7.848484848484849,48.8615843,2.3620652,0.38725901089689857,244.0,5.501258210544727,2,1,-1,1,0,1
Hotel du Vin Cannizaro House Wimbledon,8.4,8.308996539792389,476.0,153.0,21.84083044982699,14.28719723183391,6.868512110726644,51.4242413,-0.2293503,-0.20344827586206898,629.0,6.4457198193855785,0,0,0,0,0,0
Hotel le Lapin Blanc,9.1,9.130263157894737,619.0,73.0,16.80921052631579,22.657894736842106,7.4144736842105265,48.8491801,2.3423357,0.14452934482198013,692.0,6.541029999189903,2,1,0,0,0,1
Hotel mbit Barcelona,8.9,9.081012658227849,1498.0,127.0,12.66139240506329,21.03481012658228,7.072784810126582,41.3907821,2.1717426,0.24133527909522076,1625.0,7.3938782901077555,2,1,0,1,0,1
Hyatt Regency Amsterdam,8.8,8.555223880597016,293.0,61.0,21.52238805970149,21.80597014925373,7.7164179104477615,52.3617751,4.9118187,0.006397306397306431,354.0,5.872117789475416,0,0,-1,3,0,1
Hyatt Regency London The Churchill,8.7,8.633984375,883.0,276.0,13.98828125,12.234375,6.26953125,51.5156471,-0.1572443,-0.06442818194862965,1159.0,7.05617528410041,0,0,0,0,0,1
Hyatt Regency Paris Etoile,7.1,6.824485125858124,3973.0,429.0,23.708237986270024,13.504576659038902,6.837528604118993,48.8802782,2.2843852,-0.26702197736391403,4402.0,8.390041405755754,1,0,-1,0,0,0
IH Hotels Milano Ambasciatori,7.8,7.458805031446541,2387.0,141.0,23.251572327044027,13.418238993710691,10.924528301886792,45.4644348,9.1952727,-0.2610401536021371,2528.0,7.835579246669965,1,0,-1,3,0,0
IH Hotels Milano Gioia,7.5,7.32080378250591,3811.0,221.0,28.6903073286052,16.451536643026003,8.515366430260046,45.49952,9.206138,-0.2652423404037299,4032.0,8.302265794873367,1,0,-1,0,0,0
IH Hotels Milano Lorenteggio,7.0,6.712269938650306,2181.0,99.0,25.404907975460123,13.153374233128835,8.631901840490798,45.4436132,9.1161094,-0.30970843672456577,2280.0,7.732369222284388,1,0,-1,3,0,0
IH Hotels Milano Puccini,7.6,7.571999999999999,1577.0,95.0,18.82857142857143,16.177142857142858,9.48,45.4794406,9.2096756,-0.07363910490398348,1672.0,7.422373700986824,1,0,-1,3,0,0
IH Hotels Milano Watt 13,7.6,7.455376344086022,2122.0,85.0,21.892473118279568,14.327956989247312,12.349462365591398,45.443791,9.152947,-0.20323559150657225,2207.0,7.699842407396986,1,0,-1,1,0,0
INK Hotel Amsterdam MGallery by Sofitel,8.9,9.042237442922374,2574.0,440.0,16.986301369863014,20.58447488584475,6.341324200913242,52.3754926,4.8929878,0.09328755771279743,3014.0,8.011355109161286,0,1,0,0,0,1
Ibis Styles Milano Palmanova,6.7,6.383333333333333,207.0,12.0,33.583333333333336,20.333333333333332,3.0833333333333335,45.5045259,9.246461,-0.2412746585735964,219.0,5.393627546352362,1,0,-1,3,4,0
Ibis Styles Paris Gare Saint Lazare,7.7,7.485714285714286,113.0,11.0,36.285714285714285,12.428571428571429,3.357142857142857,48.8796596,2.3209155,-0.4798850574712643,124.0,4.8283137373023015,1,0,-1,3,0,0
Idea Hotel Milano San Siro,6.9,6.580085653104925,5742.0,229.0,32.901498929336185,11.81370449678801,8.84796573875803,45.4720654,9.0777871,-0.461286242915359,5971.0,8.69483715865908,1,0,-1,3,4,0
Idol Hotel,9.1,8.982692307692307,560.0,50.0,10.85576923076923,23.98076923076923,7.211538461538462,48.8795369,2.3202966,0.3662463107056614,610.0,6.415096959171596,2,1,0,1,0,1
Ilunion Almirante,7.1,7.00909090909091,1484.0,144.0,26.545454545454547,13.291666666666666,9.083333333333334,41.3860521,2.176157,-0.3245524533902236,1628.0,7.395721608602045,1,0,-1,0,0,0
Ilunion Barcelona,7.9,7.821774193548387,3944.0,396.0,20.851612903225806,18.125806451612902,8.995161290322581,41.3989322,2.2024183,-0.06818365206164773,4340.0,8.375860015299594,1,0,-1,1,0,0
Ilunion Bel Art,7.9,8.134,353.0,35.0,29.84,22.06,6.52,41.4101934,2.1695574,-0.14706994328922499,388.0,5.963579343618446,1,0,0,3,0,0
Imperial Riding School Renaissance Vienna Hotel,8.1,8.106367041198503,1395.0,116.0,25.10112359550562,18.374531835205993,10.382022471910112,48.1966396,16.3863822,-0.15124210526315793,1511.0,7.321188556739478,3,0,-1,1,0,0
Innkeeper s Lodge London Greenwich,8.2,8.285090361445784,1191.0,253.0,21.771084337349397,20.370481927710845,5.772590361445783,51.4801631,-0.0097201,-0.03246526565663612,1444.0,7.275864600546533,0,0,0,0,0,0
Inntel Hotels Amsterdam Centre,8.2,8.343283582089553,3342.0,538.0,13.725602755453501,14.851894374282434,7.623421354764639,52.3760456,4.8943917,0.03807934166601975,3880.0,8.263848131368906,0,0,0,0,0,0
InterContinental Amstel Amsterdam,9.0,9.00294117647059,151.0,29.0,17.176470588235293,17.176470588235293,12.147058823529411,52.3600068,4.9051643,0.0,180.0,5.198497031265826,2,0,-1,3,0,1
InterContinental London Park Lane,8.5,8.2925,510.0,162.0,16.7625,13.31875,7.05625,51.5038632,-0.1504132,-0.11079831087874523,672.0,6.511745329644728,0,0,0,0,0,0
InterContinental Paris Avenue Marceau,7.9,7.271111111111111,183.0,33.0,14.666666666666666,12.88888888888889,7.955555555555556,48.8706373,2.2982095,-0.06225680933852136,216.0,5.37989735354046,1,0,-1,3,0,0
InterContinental Paris Le Grand,8.8,8.709333333333333,833.0,135.0,13.74,14.513333333333334,6.48,48.8708391,2.3303651,0.026435733819507753,968.0,6.876264611890766,0,1,0,0,0,1
InterContinental Wien,8.1,8.065492957746478,737.0,118.0,13.725352112676056,10.43661971830986,9.47887323943662,48.2019865,16.3789934,-0.13070249090400218,855.0,6.752270376141742,3,0,0,1,0,0
IntercityHotel Wien,8.5,8.459756097560975,3003.0,190.0,14.739024390243902,18.6,8.958536585365854,48.1965878,16.3413729,0.11243696285247537,3193.0,8.069029328774958,3,1,0,1,0,1
Intercontinental London The O2,9.4,9.451195609564877,4204.0,1258.0,15.911799294394354,19.784790278322227,3.661309290474324,51.5024348,-0.0002497,0.10554089709762535,5462.0,8.605753368395717,2,1,-1,0,0,1
JUFA Hotel Wien,8.5,8.342691415313224,3748.0,275.0,16.046403712296982,16.45011600928074,11.904872389791183,48.1756283,16.4200957,0.01205236544988572,4023.0,8.300031711779575,3,0,-1,1,0,0
Jaz Amsterdam,8.9,9.002506482281763,7108.0,514.0,17.31979256698358,24.397579948141747,8.933448573898012,52.314371,4.9388064,0.16568873421819358,7622.0,8.938925271988273,3,1,-1,1,0,1
Jumeirah Carlton Tower,8.6,8.382894736842106,265.0,94.0,15.710526315789474,10.986842105263158,6.657894736842105,51.4973568,-0.1576728,-0.17054631828978628,359.0,5.886104031450156,0,0,-1,3,0,0
Jumeirah Lowndes Hotel,8.6,8.569565217391304,587.0,205.0,11.619565217391305,11.13586956521739,7.657608695652174,51.4993652,-0.1576613,-0.02036147334706021,792.0,6.675823221634848,0,0,0,0,0,1
K K H tel Cayr Saint Germain des Pr s,8.4,8.449693251533741,1431.0,194.0,18.966257668711656,19.426380368098158,9.579754601226995,48.8553117,2.3254628,0.01168042361002958,1625.0,7.3938782901077555,3,0,0,1,0,0
K K Hotel George,8.5,8.602826855123675,1831.0,244.0,18.40459363957597,20.620141342756185,8.051236749116608,51.4918878,-0.1949706,0.05535446278802864,2075.0,7.638198244285779,0,0,0,0,0,1
K K Hotel Maria Theresia,8.7,8.781028368794326,3181.0,285.0,14.125886524822695,19.01063829787234,8.72872340425532,48.2031622,16.3561999,0.1430945826624422,3466.0,8.151044945685024,3,1,0,1,0,1
K K Hotel Picasso,8.9,9.155299539170507,1517.0,211.0,14.089861751152073,24.34331797235023,8.647465437788018,41.3866227,2.1840722,0.2600210354096062,1728.0,7.455298485683291,2,1,0,1,0,1
K K Palais Hotel,8.6,8.735526315789475,992.0,120.0,14.592105263157896,18.86842105263158,6.973684210526316,48.2138096,16.3714293,0.12409316533027871,1112.0,7.014814351275545,0,1,0,0,0,1
K West Hotel Spa,8.4,8.374803149606299,1560.0,509.0,19.906824146981627,17.263779527559056,4.488188976377953,51.5013149,-0.2174459,-0.06924293474523824,2069.0,7.635303886259415,0,0,0,0,0,0
Karma Sanctum Soho Hotel,8.1,7.971502590673575,423.0,109.0,21.616580310880828,13.062176165803109,5.295336787564767,51.5116049,-0.1383145,-0.23976183560848094,532.0,6.278521424165844,1,0,-1,0,0,0
Kensington House Hotel,8.2,8.303345724907063,689.0,154.0,17.713754646840147,18.687732342007436,5.4275092936802976,51.5012329,-0.1859937,0.02604114899115403,843.0,6.738152494595957,0,0,0,0,0,0
Kingsway Hall Hotel,8.5,8.474084919472913,1363.0,377.0,17.920937042459737,14.69692532942899,5.5431918008784775,51.5158643,-0.1200625,-0.09590174643961505,1740.0,7.462214939768189,0,0,0,0,0,0
Klima Hotel Milano Fiere,8.3,7.789908256880734,1785.0,76.0,21.38532110091743,11.669724770642201,13.440366972477063,45.5147974,9.116606,-0.2852909482758621,1861.0,7.529406457837013,3,0,-1,3,0,0
Knightsbridge Hotel,9.1,9.100578034682082,473.0,129.0,13.653179190751445,14.38150289017341,5.872832369942197,51.4980052,-0.1643238,0.025084610790364326,602.0,6.401917196727186,2,1,-1,0,0,1
Kube Hotel Ice Bar,7.2,5.852631578947369,197.0,13.0,38.78947368421053,15.263157894736842,8.947368421052632,48.88657,2.3588332,-0.4273422562141491,210.0,5.351858133476067,1,0,-1,3,4,0
L Edmond H tel,8.2,8.22,174.0,24.0,15.35,21.7,4.95,48.8823111,2.3132374,0.16688567674113008,198.0,5.293304824724492,0,0,-1,3,0,1
L Empire Paris,8.6,8.77142857142857,619.0,74.0,14.873949579831933,20.008403361344538,5.663865546218488,48.8607764,2.3427564,0.14309133489461356,693.0,6.542471960506805,0,1,0,1,0,1
L H tel,8.8,8.924050632911392,224.0,48.0,12.265822784810126,20.860759493670887,4.658227848101266,48.8562272,2.3351758,0.25185459940652827,272.0,5.60947179518496,2,1,6,1,0,1
L Hotel Pergol se Paris,8.2,8.191282051282052,1281.0,126.0,17.123076923076923,18.358974358974358,12.897435897435898,48.8756618,2.2863468,0.03387686252459936,1407.0,7.249925536717988,3,0,0,1,0,0
LHP Hotel Napoleon,8.3,8.128395061728394,599.0,36.0,16.469135802469136,18.691358024691358,9.098765432098766,45.4802415,9.2131919,0.06145442130419936,635.0,6.455198563340122,3,0,0,3,0,0
La Chambre du Marais,9.4,9.49659090909091,301.0,51.0,10.147727272727273,21.96590909090909,9.988636363636363,48.8636168,2.3607998,0.3568977350720659,352.0,5.8664680569332965,2,1,-1,1,0,1
La Clef Tour Eiffel,9.0,8.952063492063493,1258.0,190.0,12.93015873015873,18.82857142857143,8.606349206349206,48.8647019,2.2886425,0.18005620699680203,1448.0,7.278628942320682,2,1,0,1,0,1
La Maison Champs Elys es,8.8,8.788607594936709,372.0,49.0,12.367088607594937,16.72151898734177,5.8354430379746836,48.866676,2.3089908,0.14472023559108116,421.0,6.045005314036012,2,1,0,1,0,1
La Maison Favart,9.2,9.305511811023623,489.0,76.0,9.448818897637794,25.181102362204726,5.031496062992126,48.870808,2.3372737,0.44154696132596694,565.0,6.338594078203183,2,1,-1,1,0,1
La Suite West Hyde Park,8.0,7.740753424657535,768.0,154.0,21.19178082191781,13.32876712328767,7.808219178082192,51.5126758,-0.1867828,-0.22136521403779413,922.0,6.827629234502852,1,0,0,0,0,0
La Tremoille Paris,8.5,8.528947368421052,283.0,52.0,11.026315789473685,11.210526315789474,5.684210526315789,48.8668589,2.3028215,0.007927519818799543,335.0,5.817111159963204,0,0,0,0,0,1
La Villa Haussmann,9.2,9.15609756097561,283.0,25.0,21.170731707317074,19.414634146341463,14.292682926829269,48.8753446,2.3167161,-0.042228739002932586,308.0,5.733341276897746,3,0,-1,3,0,1
La Villa Maillot,8.9,8.932467532467532,445.0,59.0,10.532467532467532,19.636363636363637,9.727272727272727,48.875551,2.2835191,0.29208333333333336,504.0,6.22455842927536,2,1,0,1,0,1
La Villa Royale,8.1,8.198684210526316,404.0,35.0,22.657894736842106,27.894736842105264,8.473684210526315,48.8821595,2.3367444,0.10158244002041857,439.0,6.0867747269123065,0,0,0,1,0,0
La Villa des Ternes,8.6,8.961805555555555,937.0,87.0,10.819444444444445,18.73611111111111,8.0625,48.8803479,2.2858242,0.25909090909090904,1024.0,6.932447891572509,2,1,0,1,0,1
LaGare Hotel Milano Centrale MGallery by Sofitel,8.7,8.602805611222445,2678.0,283.0,20.741482965931862,19.16432865731463,7.859719438877756,45.484237,9.198858,-0.03855575151871441,2961.0,7.993619994827744,0,0,0,0,0,0
Lancaster London,8.3,8.270660522273426,1463.0,365.0,18.331797235023043,16.328725038402457,6.559139784946237,51.5119446,-0.179939,-0.05617057936678878,1828.0,7.511524648390866,0,0,0,0,0,0
Landmark London,9.0,8.994320987654321,1062.0,335.0,14.622222222222222,19.644444444444446,8.239506172839507,51.519016,-0.166267,0.14240705734089482,1397.0,7.242797922793756,2,1,0,1,0,1
Lansbury Heritage Hotel,9.4,9.5175,82.0,23.0,19.475,26.9,4.925,51.5090985,-0.0157302,0.15672823218997356,105.0,4.663439094112067,2,1,-1,3,0,1
Le 123 Elysees Astotel,9.2,9.228301886792453,171.0,25.0,10.30188679245283,28.0188679245283,8.264150943396226,48.8730823,2.309659,0.45057581573896355,196.0,5.2832037287379885,2,1,-1,1,0,1
Le 123 S bastopol Astotel,9.3,9.506923076923078,397.0,54.0,11.892307692307693,26.861538461538462,7.069230769230769,48.8675886,2.3531018,0.3765479876160991,451.0,6.113682179832232,2,1,0,1,0,1
Le 7 Eiffel Hotel,8.5,8.780263157894737,316.0,38.0,15.5,17.36842105263158,4.9605263157894735,48.8585193,2.3077243,0.05516705516705517,354.0,5.872117789475416,0,0,-1,3,0,1
Le A,8.9,9.157142857142857,348.0,76.0,12.31868131868132,22.043956043956044,7.252747252747253,48.8723844,2.3088663,0.27501553760099434,424.0,6.052089168924417,2,1,0,1,0,1
Le Belmont Champs Elys es,8.3,8.22168674698795,328.0,56.0,21.228915662650603,17.698795180722893,13.855421686746988,48.8691984,2.2979052,-0.08841279420639708,384.0,5.953243334287785,3,0,-1,3,0,0
Le Burgundy Paris,9.1,9.028571428571428,683.0,109.0,16.130434782608695,17.279503105590063,8.807453416149068,48.8680055,2.3260075,0.03339350180505419,792.0,6.675823221634848,2,1,0,0,0,1
Le Cinq Codet,9.0,8.931906614785992,1055.0,160.0,18.98443579766537,19.59922178988327,9.879377431906615,48.8547869,2.3084819,0.015531308365280678,1215.0,7.103322062526113,3,1,0,1,0,1
Le Dokhan s a Tribute Portfolio Hotel,7.9,8.048529411764704,222.0,34.0,20.08823529411765,17.426470588235293,9.191176470588236,48.8663359,2.2867935,-0.06911034746086298,256.0,5.54907608489522,1,0,-1,3,0,0
Le G n ral H tel,9.1,9.142622950819673,480.0,69.0,17.5,32.30327868852459,8.647540983606557,48.8662695,2.3668616,0.29138431752178123,549.0,6.309918278226516,2,1,0,1,0,1
Le Grand H tel de Normandie,7.5,7.206666666666666,156.0,14.0,40.56666666666667,17.266666666666666,3.4,48.8759461,2.3270955,-0.39603399433427766,170.0,5.14166355650266,1,0,-1,3,0,0
Le Grey Hotel,9.0,9.11578947368421,393.0,61.0,10.421052631578947,17.07894736842105,7.934210526315789,48.881407,2.3274204,0.2336103416435826,454.0,6.12029741895095,2,1,0,1,0,1
Le Lavoisier,8.0,7.833333333333333,66.0,4.0,18.083333333333332,8.916666666666666,4.5,48.8737702,2.3201063,-0.3273809523809524,70.0,4.2626798770413155,1,0,-1,3,0,0
Le Littr ,8.6,8.799999999999999,304.0,37.0,15.295454545454545,20.022727272727273,9.681818181818182,48.8454447,2.3242814,0.13016270337922406,341.0,5.834810737062605,2,1,0,1,0,1
Le M ridien Barcelona,8.2,8.247457627118644,451.0,85.0,15.966101694915254,10.661016949152541,6.372881355932203,41.3837453,2.171014,-0.19202453987730064,536.0,6.285998094508865,0,0,0,0,0,0
Le M ridien Etoile,8.0,7.9241758241758244,579.0,87.0,14.494505494505495,9.901098901098901,6.43956043956044,48.8794646,2.2849548,-0.18087408048463868,666.0,6.502790045915623,1,0,0,0,0,0
Le Marceau Bastille,8.6,8.440666666666665,1059.0,88.0,17.30666666666667,19.84,11.48,48.8490691,2.3697484,0.06641034603285559,1147.0,7.045776576879511,3,0,0,1,0,1
Le Marcel,8.5,8.530555555555557,413.0,44.0,14.76388888888889,22.194444444444443,9.027777777777779,48.8761376,2.3572681,0.1957555799487742,457.0,6.126869184114185,2,1,0,1,0,1
Le Marquis Eiffel,8.8,8.77603305785124,489.0,84.0,12.619834710743802,22.272727272727273,8.008264462809917,48.8516619,2.2979395,0.26893852175915267,573.0,6.352629396319567,2,1,0,1,0,1
Le Mathurin Hotel Spa,8.6,8.4,1184.0,135.0,14.734177215189874,17.4873417721519,10.417721518987342,48.8732068,2.3239015,0.08287292817679562,1319.0,7.1853870155804165,3,0,0,1,0,1
Le Meridien Piccadilly,7.6,7.595769230769231,817.0,146.0,24.807692307692307,9.657692307692308,5.2153846153846155,51.5094835,-0.1362538,-0.42717709575967894,963.0,6.871091294610546,1,0,-1,3,0,0
Le Meridien Vienna,8.3,8.169488188976379,2393.0,299.0,22.246062992125985,13.84251968503937,8.789370078740157,48.2027296,16.3661211,-0.22658033013109707,2692.0,7.898411092811599,0,0,-1,0,0,0
Le Metropolitan a Tribute Portfolio Hotel,8.3,8.342424242424244,286.0,34.0,17.606060606060606,18.924242424242426,7.106060606060606,48.8656973,2.2829776,0.035123132821962104,320.0,5.771441123130016,0,0,0,0,0,0
Le Meurice,9.3,9.2075,166.0,21.0,14.15,20.65,7.8,48.8653685,2.328218,0.18156424581005584,187.0,5.236441962829949,2,1,-1,3,0,1
Le Narcisse Blanc Spa,9.5,9.671929824561403,222.0,38.0,11.035087719298245,26.385964912280702,5.456140350877193,48.8605125,2.3106533,0.39954337899543385,260.0,5.564520407322694,2,1,-1,1,0,1
Le Parisis Paris Tour Eiffel,8.6,8.737383177570093,1477.0,241.0,18.348130841121495,24.035046728971963,4.640186915887851,48.8494851,2.2955063,0.13108573890564412,1718.0,7.449498005382849,0,0,-1,0,0,1
Le Pavillon de la Reine Spa,9.2,9.319327731092438,376.0,74.0,10.252100840336135,22.84873949579832,8.100840336134453,48.8562725,2.3660412,0.3693937900443568,450.0,6.111467339502679,2,1,0,1,0,1
Le Pavillon des Lettres,9.0,9.0625,164.0,29.0,10.375,19.25,7.075,48.8713699,2.3181191,0.2897959183673469,193.0,5.267858159063328,2,1,-1,1,0,1
Le Pigalle Hotel,9.0,8.811904761904762,171.0,28.0,16.19047619047619,24.547619047619047,5.619047619047619,48.8816073,2.3371648,0.2002281802624073,199.0,5.298317366548036,2,1,-1,3,0,1
Le Pradey,8.8,8.976271186440679,267.0,32.0,15.305084745762711,23.915254237288135,8.152542372881356,48.8645309,2.3315532,0.21407501053518754,299.0,5.703782474656201,2,1,0,1,0,1
Le Relais M dicis,8.3,8.276666666666667,149.0,14.0,23.933333333333334,23.333333333333332,7.666666666666667,48.8497618,2.3392336,-0.012430939226519366,163.0,5.099866427824199,0,0,-1,3,0,0
Le Relais Madeleine,8.7,8.763218390804598,479.0,41.0,11.551724137931034,16.482758620689655,7.827586206896552,48.870961,2.3267678,0.16983372921615203,520.0,6.255750041753367,2,1,0,1,0,1
Le Relais Montmartre,9.3,9.25054945054945,744.0,90.0,9.989010989010989,24.47252747252747,9.780219780219781,48.8854538,2.3335809,0.4084288813139138,834.0,6.727431724850855,2,1,0,1,0,1
Le Roch Hotel Spa,9.0,9.104347826086956,118.0,13.0,14.347826086956522,25.956521739130434,8.521739130434783,48.8661991,2.3328826,0.2810526315789474,131.0,4.882801922586371,2,1,-1,1,0,1
Le Saint Hotel Paris,8.8,8.821428571428571,163.0,32.0,16.976190476190474,17.571428571428573,10.714285714285714,48.8565421,2.3303504,0.016744809109176244,195.0,5.278114659230517,2,0,-1,3,0,1
Le Senat,8.3,8.318333333333333,549.0,83.0,12.825,17.341666666666665,9.641666666666667,48.8491427,2.3397118,0.14491978609625666,632.0,6.450470422144176,3,1,0,1,0,1
Le Tourville Eiffel,8.8,9.097142857142856,545.0,75.0,14.692857142857143,21.928571428571427,6.621428571428571,48.8542681,2.3078116,0.19232959939244348,620.0,6.431331081933479,2,1,0,1,0,1
Le Tsuba Hotel,9.3,9.080701754385965,287.0,49.0,11.789473684210526,23.17543859649123,8.894736842105264,48.8777621,2.293177,0.3165853658536586,336.0,5.820082930352362,2,1,-1,3,0,1
Legend Saint Germain by Elegancia,8.9,9.043589743589743,406.0,32.0,13.76923076923077,22.397435897435898,8.217948717948717,48.8453774,2.3256427,0.2321490169023801,438.0,6.0844994130751715,2,1,0,1,0,1
Leonardo Hotel Milan City Center,8.2,8.193333333333333,1018.0,81.0,22.57037037037037,17.866666666666667,7.62962962962963,45.482442,9.1756982,-0.11351447979978545,1099.0,7.003065458786462,0,0,0,0,0,0
Leonardo Hotel Vienna,8.1,8.038186813186813,6373.0,387.0,21.292582417582416,15.353021978021978,10.67032967032967,48.1945297,16.340327,-0.15777566956140987,6760.0,8.818926087090677,3,0,-1,1,0,0
Les Jardins De La Villa Spa,8.8,8.937962962962963,622.0,50.0,12.185185185185185,22.055555555555557,6.916666666666667,48.8801757,2.2859534,0.2800840777719391,672.0,6.511745329644728,2,1,0,1,0,1
Les Jardins Du Marais,8.1,7.898717948717949,838.0,81.0,28.891025641025642,20.993589743589745,6.948717948717949,48.8605219,2.3680239,-0.15520282186948853,919.0,6.824373670043086,1,0,0,0,0,0
Les Matins de Paris Spa,8.6,8.299999999999999,413.0,27.0,31.650793650793652,29.063492063492063,5.031746031746032,48.878932,2.3394182,-0.041923868312757226,440.0,6.089044875446846,0,0,-1,3,0,0
Les Plumes Hotel,8.8,8.726548672566372,514.0,42.0,18.061946902654867,26.876106194690266,10.026548672566372,48.8766269,2.3432886,0.1918705451743402,556.0,6.322565239927284,2,1,0,1,0,1
Lindner Hotel Am Belvedere,8.4,7.957142857142857,790.0,60.0,28.702380952380953,15.321428571428571,8.095238095238095,48.1955998,16.3826989,-0.29719725013220516,850.0,6.7464121285733745,1,0,-1,3,0,0
Little Palace Hotel,8.2,8.358415841584158,1377.0,166.0,20.28052805280528,21.283828382838283,10.557755775577558,48.8675674,2.3539896,0.023571373187562996,1543.0,7.342131730584722,3,0,0,1,0,0
London Bridge Hotel,8.7,8.604191616766467,311.0,97.0,14.0,13.862275449101796,5.191616766467066,51.5052188,-0.088166,-0.004771784232365156,408.0,6.013715156042802,0,0,0,0,0,1
London City Suites,8.9,8.997837837837837,1744.0,417.0,17.052702702702703,20.293243243243243,10.05,51.5206309,-0.0915341,0.08450803495912036,2161.0,7.6787889981991535,3,1,0,1,0,1
London Elizabeth Hotel,7.0,6.9686440677966095,618.0,84.0,29.52542372881356,15.398305084745763,6.478813559322034,51.5120219,-0.1762414,-0.3076213323491419,702.0,6.555356891810665,1,0,-1,0,0,0
London Hilton on Park Lane,7.8,7.693051359516617,943.0,296.0,21.114803625377643,10.95166163141994,5.3444108761329305,51.5055513,-0.1501698,-0.3073549566011877,1239.0,7.122866658599083,1,0,-1,0,0,0
London Marriott Hotel County Hall,8.5,8.545493562231758,573.0,104.0,21.699570815450645,17.858369098712448,5.012875536480687,51.5016102,-0.1191545,-0.0947089947089947,677.0,6.519147287940395,0,0,-1,0,0,0
London Marriott Hotel Grosvenor Square,7.9,7.7234375,534.0,121.0,28.12109375,12.69921875,6.4921875,51.511579,-0.1500193,-0.3687651784046329,655.0,6.486160788944089,1,0,0,3,0,0
London Marriott Hotel Kensington,8.0,7.985185185185186,449.0,105.0,19.275132275132275,13.433862433862434,4.455026455026455,51.4944849,-0.1884174,-0.1732851985559567,554.0,6.318968113746434,1,0,0,0,0,0
London Marriott Hotel Marble Arch,8.2,8.312291666666667,1505.0,312.0,15.91875,15.464583333333334,5.35625,51.5163841,-0.1635764,-0.01402470406587748,1817.0,7.505492274737424,0,0,0,0,0,0
London Marriott Hotel Park Lane,8.8,8.62051282051282,213.0,53.0,17.794871794871796,12.807692307692308,7.910256410256411,51.5131428,-0.1576714,-0.15780933062880326,266.0,5.58724865840025,0,0,-1,3,0,1
London Marriott Hotel Regents Park,8.3,8.229255319148935,1640.0,397.0,21.715425531914892,16.26994680851064,3.9680851063829787,51.5421476,-0.1703073,-0.139680049118259,2037.0,7.61972421378267,0,0,-1,0,0,0
London Marriott Hotel West India Quay,8.9,8.978663065496287,2836.0,930.0,16.38217420661715,17.51249155975692,4.735989196488859,51.5072713,-0.0211213,0.03239226765223783,3766.0,8.23403420769204,0,1,0,0,0,1
London Marriott Maida Vale,8.1,8.027716186252771,1042.0,278.0,21.403547671840354,15.87139689578714,4.277161862527716,51.5357597,-0.1902591,-0.14453713358822845,1320.0,7.186144304522325,0,0,0,0,0,0
London Suites,7.4,7.321052631578947,259.0,44.0,24.394736842105264,16.263157894736842,6.078947368421052,51.5215508,-0.0469238,-0.19519898926089702,303.0,5.717027701406222,1,0,-1,3,0,0
Luxury Suites Amsterdam,9.3,9.482532751091703,720.0,125.0,12.196506550218341,28.467248908296945,10.048034934497817,52.3702613,4.9032489,0.3905251021905461,845.0,6.740519359606223,2,1,0,1,0,1
Lyric H tel Paris,8.9,9.142268041237113,480.0,48.0,10.711340206185566,20.989690721649485,9.154639175257731,48.8690126,2.3368708,0.314312736443884,528.0,6.270988431858299,2,1,0,1,0,1
M by Montcalm Shoreditch London Tech City,9.1,9.086357308584686,4802.0,1471.0,18.397215777262183,18.956844547563804,4.791647331786543,51.5278465,-0.0889473,0.014591121919349503,6273.0,8.744169388750624,0,1,-1,0,0,1
M venpick Hotel Amsterdam City Centre,8.4,8.50596153846154,1925.0,338.0,20.034615384615385,18.826923076923077,8.232692307692307,52.3781016,4.9142508,-0.0302971825549981,2263.0,7.724888439323074,0,0,0,0,0,0
MARQUIS Faubourg St Honor Relais Ch teaux,8.6,7.730769230769231,51.0,10.0,44.69230769230769,27.692307692307693,18.923076923076923,48.8698184,2.3208729,-0.23165618448637315,61.0,4.127134385045092,3,0,-1,2,1,0
ME London by Melia,9.2,9.166242038216561,1017.0,345.0,13.817409766454352,18.182590233545646,7.1847133757961785,51.511879,-0.118552,0.13227819597246346,1362.0,7.217443431696533,2,1,0,0,0,1
ME Milan Il Duca,9.2,9.185915492957747,683.0,93.0,12.591549295774648,16.788732394366196,8.654929577464788,45.4793852,9.1961308,0.13815484469170142,776.0,6.655440350367647,2,1,0,0,0,1
Madeleine Plaza,8.4,8.634057971014492,836.0,74.0,10.782608695652174,15.36231884057971,8.195652173913043,48.8710402,2.3248014,0.1687132941804592,910.0,6.814542897259958,0,1,0,1,0,1
Maison Albar H tel Paris Champs Elys es ex Mac Mahon ,8.4,8.122641509433961,774.0,117.0,17.68553459119497,12.38993710691824,6.918238993710692,48.8753837,2.2944651,-0.17041084800647643,891.0,6.79346613258001,0,0,-1,0,0,0
Maison Albar Hotel Paris C line,8.9,9.006451612903225,326.0,38.0,37.806451612903224,23.451612903225808,9.46774193548387,48.8606187,2.344401,-0.23056994818652846,364.0,5.8998973535824915,3,0,-1,3,0,1
Maison Albar Hotel Paris Op ra Diamond,8.8,8.741034482758621,1524.0,172.0,16.872413793103448,20.306896551724137,5.979310344827586,,,0.08995664739884392,1696.0,7.436617265234227,0,1,0,0,0,1
Maison Borella,9.1,9.357692307692307,777.0,73.0,12.5,29.476923076923075,7.592307692307692,45.4521067,9.1758135,0.39502416323608375,850.0,6.7464121285733745,2,1,0,1,0,1
Maison Souquet,9.3,9.348351648351649,282.0,56.0,10.219780219780219,25.406593406593405,5.329670329670329,48.88366,2.3313845,0.4146414641464147,338.0,5.82600010738045,2,1,-1,1,0,1
Majestic Hotel Spa,8.7,8.484210526315788,232.0,33.0,12.342105263157896,20.473684210526315,6.7105263157894735,48.8703672,2.2938868,0.24046692607003886,265.0,5.583496308781699,2,1,-1,3,0,1
Majestic Hotel Spa Barcelona GL,8.9,8.812747252747252,1769.0,337.0,14.96923076923077,16.907692307692308,6.712087912087912,41.3935179,2.1639813,0.05896116050538138,2106.0,7.653020413804189,0,1,0,0,0,1
Malmaison London,8.7,8.691349934469201,1374.0,431.0,16.11402359108781,17.996068152031455,6.35910878112713,51.520943,-0.1004581,0.053604091231475616,1805.0,7.498869733976931,0,0,0,0,0,1
Mandarin Oriental Barcelona,9.0,9.336363636363636,283.0,44.0,13.181818181818182,11.857142857142858,6.571428571428571,41.391393,2.1668467,-0.05087281795511219,327.0,5.793013608384144,2,1,-1,3,0,1
Mandarin Oriental Hyde Park London,8.5,8.189411764705882,217.0,47.0,18.32941176470588,13.68235294117647,6.7176470588235295,51.5022081,-0.1599428,-0.1407697790449038,264.0,5.579729825986222,0,0,-1,3,0,0
Mandarin Oriental Milan,9.2,9.270588235294117,186.0,33.0,17.5,11.647058823529411,9.235294117647058,45.4694772,9.1909325,-0.19414634146341464,219.0,5.393627546352362,2,0,-1,3,0,1
Mandarin Oriental Paris,9.1,9.142857142857142,81.0,10.0,16.523809523809526,13.428571428571429,4.904761904761905,48.8671889,2.326927,-0.10000000000000003,91.0,4.5217885770490405,2,0,-1,3,0,1
Marlin Waterloo,8.6,8.354761904761904,218.0,42.0,23.261904761904763,20.19047619047619,4.107142857142857,51.4990953,-0.1132136,-0.06909480449919661,260.0,5.564520407322694,0,0,-1,3,0,0
Maxim Op ra,8.4,8.268571428571429,256.0,24.0,29.685714285714287,16.571428571428573,7.171428571428572,48.8738557,2.3444232,-0.277509068923821,280.0,5.638354669333745,0,0,-1,3,0,0
Mayflower Hotel Apartments,7.5,7.48801410105758,2197.0,328.0,26.89776733254994,16.696827262044653,6.3055229142185665,51.4916677,-0.1947475,-0.22874835309617914,2525.0,7.8343923029104365,1,0,5,0,0,0
Medinaceli,7.8,7.728048780487805,523.0,46.0,25.621951219512194,15.5,5.682926829268292,41.3781685,2.1786627,-0.24030110017371162,569.0,6.345636360828596,1,0,0,0,0,0
Megaro Hotel,8.8,8.856625000000001,1803.0,392.0,14.98375,18.96125,10.955,51.5294411,-0.1233745,0.11382171984547143,2195.0,7.694392802629421,3,1,0,1,0,1
Meli Milano,8.3,7.71588785046729,984.0,86.0,28.560747663551403,14.841121495327103,7.121495327102804,45.4792738,9.1459546,-0.30898758156177647,1070.0,6.976348070447749,1,0,-1,3,0,0
Melia Barcelona Sarri ,8.1,8.164485981308411,577.0,90.0,19.261682242990656,17.35514018691589,9.336448598130842,41.391058,2.141706,-0.05068322981366458,667.0,6.504288173536645,3,0,0,1,0,0
Melia Barcelona Sky 4 Sup,8.4,8.4,217.0,41.0,27.772727272727273,19.022727272727273,4.113636363636363,41.4061636,2.2008956,-0.1830718021873514,258.0,5.556828061699537,0,0,-1,3,0,0
Melia Paris Champs Elys es,8.3,8.006666666666666,95.0,10.0,9.333333333333334,11.066666666666666,5.8,48.8688962,2.2827459,0.08099688473520246,105.0,4.663439094112067,0,0,-1,3,0,0
Melia Paris Notre Dame,8.7,8.607407407407408,214.0,32.0,22.22222222222222,20.98148148148148,6.87037037037037,48.8515198,2.3486511,-0.02806870548806032,246.0,5.5093883366279774,0,0,-1,0,0,1
Melia Paris Tour Eiffel,8.1,7.926415094339623,241.0,22.0,15.69811320754717,13.754716981132075,6.018867924528302,48.8651994,2.3045076,-0.06381660470879803,263.0,5.575949103146316,0,0,-1,3,0,0
Melia Paris Vendome,8.4,8.298039215686273,307.0,36.0,13.215686274509803,17.098039215686274,7.980392156862745,48.8668228,2.3257729,0.123982467125861,343.0,5.840641657373398,0,0,-1,3,0,1
Melia Vienna,8.6,8.336926147704592,3557.0,321.0,21.872255489021956,15.830339321357286,12.04191616766467,48.231911,16.4129493,-0.15611139762764312,3878.0,8.263332667439967,3,0,-1,1,0,0
Melia White House Hotel,8.3,8.253506097560976,1871.0,354.0,17.989329268292682,15.038109756097562,5.670731707317073,51.5298597,-0.1444623,-0.0867305796971597,2225.0,7.70796153183549,0,0,0,0,0,0
Mercer Hotel Barcelona,9.5,9.467123287671233,362.0,67.0,14.034246575342467,28.34931506849315,4.267123287671233,41.3827,2.1791999,0.32996526681401955,429.0,6.063785208687608,2,1,-1,1,0,1
Mercer House B ria BCN,8.6,8.579775280898877,301.0,30.0,23.797752808988765,23.786516853932586,8.876404494382022,41.3846844,2.1791065,-0.00023126734505086565,331.0,5.805134968916488,3,0,0,0,0,1
Mercure Amsterdam Sloterdijk Station,8.6,8.723598130841122,3643.0,498.0,16.781542056074766,19.296728971962615,5.58411214953271,52.3872884,4.8349748,0.06783452534736441,4141.0,8.328934041955529,0,0,0,0,0,1
Mercure Barcelona Condor,8.0,8.20217391304348,434.0,38.0,24.543478260869566,17.608695652173914,5.956521739130435,41.3999934,2.1452467,-0.16070528967254408,472.0,6.159095388491933,0,0,0,3,0,0
Mercure Grand Hotel Biedermeier Wien,8.4,8.321383647798742,1028.0,104.0,18.660377358490567,21.10062893081761,11.018867924528301,48.2038688,16.3887039,0.059867304428328924,1132.0,7.0326242610280065,3,0,0,1,0,0
Mercure Hotel Amsterdam Centre Canal District,8.2,8.31860465116279,890.0,142.0,18.275193798449614,17.275193798449614,5.635658914728682,52.3611852,4.8936341,-0.027359490986214208,1032.0,6.940222469119639,0,0,0,0,0,0
Mercure Hotel Amsterdam City South,8.2,8.34756554307116,3568.0,474.0,19.43570536828964,19.72159800249688,4.8626716604244695,52.335182,4.9138688,0.007119318535099151,4042.0,8.304742269640771,0,0,0,0,0,0
Mercure Hotel Amsterdam West,7.8,7.88287037037037,1945.0,215.0,26.925925925925927,20.381944444444443,6.666666666666667,52.3375677,4.8178172,-0.13546408548564864,2160.0,7.6783263565068856,1,0,0,0,0,0
Mercure Hotel Raphael Wien,8.5,8.23112582781457,1264.0,80.0,26.417218543046356,15.04635761589404,8.721854304635762,48.1919288,16.3391395,-0.2677791640673736,1344.0,7.20414929203594,0,0,-1,3,0,0
Mercure Josefshof Wien,8.3,8.298317307692308,2526.0,227.0,20.38221153846154,19.19951923076923,10.911057692307692,48.2085627,16.3541687,-0.029143466413932055,2753.0,7.9208096792886,3,0,0,1,0,0
Mercure London Bloomsbury Hotel,8.3,8.445348837209304,1361.0,299.0,17.485049833887043,15.124584717607974,5.533222591362127,51.5210085,-0.1230966,-0.07023179953541243,1660.0,7.415175109613295,0,0,0,0,0,0
Mercure London Bridge,8.5,8.36280193236715,947.0,237.0,18.190821256038646,16.917874396135264,5.632850241545894,51.5052587,-0.099176,-0.03525319419359155,1184.0,7.077498053569231,0,0,0,0,0,0
Mercure London Hyde Park,8.6,8.650678733031674,527.0,102.0,20.990950226244344,22.53846153846154,8.02262443438914,51.5151149,-0.1743857,0.034752565796158964,629.0,6.4457198193855785,0,1,0,0,0,1
Mercure London Kensington Hotel,7.5,7.461990950226244,1016.0,222.0,27.235294117647058,16.468325791855204,8.800904977375566,51.4950098,-0.1906195,-0.2408522698517131,1238.0,7.122059881629142,1,0,-1,0,0,0
Mercure London Paddington Hotel,7.6,7.552208201892745,1458.0,317.0,20.001577287066247,13.20820189274448,10.906940063091483,51.5161139,-0.1749521,-0.19857992530775972,1775.0,7.4821189235521155,1,0,-1,1,0,0
Mercure Milano Regency,7.7,8.1,252.0,19.0,21.11111111111111,18.40740740740741,9.407407407407407,45.4897688,9.1549451,-0.06672760511882996,271.0,5.605802066295998,1,0,-1,3,0,0
Mercure Paris 15 Porte de Versailles,8.0,7.827999999999999,221.0,15.0,16.76,17.8,5.8,48.8382542,2.2903494,0.0292463442069741,236.0,5.4680601411351315,0,0,-1,3,0,0
Mercure Paris 17 me Saint Lazare Monceau,7.9,8.236842105263158,103.0,7.0,9.947368421052632,12.263157894736842,3.263157894736842,48.8837472,2.3186342,0.09977324263038549,110.0,4.709530201312334,0,0,-1,3,0,0
Mercure Paris 19 Philharmonie La Villette,7.5,6.912962962962963,607.0,34.0,30.12962962962963,20.666666666666668,6.518518518518518,48.8886969,2.3945403,-0.1826957454415445,641.0,6.464588303689961,1,0,-1,3,0,0
Mercure Paris Alesia,8.4,8.26081081081081,589.0,59.0,24.18918918918919,20.10810810810811,8.08108108108108,48.8237487,2.324056,-0.09009546539379473,648.0,6.47543271670409,0,0,0,0,0,0
Mercure Paris Arc de Triomphe Etoile,7.9,8.29047619047619,145.0,25.0,15.238095238095237,13.857142857142858,5.333333333333333,48.8782679,2.294852,-0.04588607594936704,170.0,5.14166355650266,0,0,-1,3,0,0
Mercure Paris Bastille Marais,8.1,7.873529411764705,299.0,25.0,22.794117647058822,19.029411764705884,8.411764705882353,48.8571207,2.3805581,-0.08791208791208784,324.0,5.783825182329737,1,0,-1,3,0,0
Mercure Paris Bastille Saint Antoine,7.9,7.277272727272727,168.0,9.0,19.363636363636363,13.545454545454545,24.5,48.849574,2.3798518,-0.17158176943699735,177.0,5.181783550292085,3,0,-1,2,3,0
Mercure Paris Bercy Biblioth que,8.4,8.1136,1082.0,81.0,16.464,18.552,9.04,48.8370334,2.372322,0.05797423367392273,1163.0,7.059617628291383,3,0,0,3,0,0
Mercure Paris Centre Tour Eiffel,8.0,7.863376623376624,2611.0,333.0,19.964935064935066,13.86883116883117,5.587012987012987,48.8548641,2.2923181,-0.17500559242412944,2944.0,7.987864096085687,1,0,0,0,0,0
Mercure Paris Champs Elys es,7.2,7.346153846153846,182.0,14.0,24.846153846153847,13.128205128205128,6.358974358974359,48.8699731,2.2909401,-0.3006578947368421,196.0,5.2832037287379885,1,0,-1,3,0,0
Mercure Paris Gare De Lyon TGV,7.9,7.868126520681265,2903.0,224.0,17.5669099756691,15.608272506082725,9.975669099756692,48.8442949,2.3730938,-0.05731169016089985,3127.0,8.048149101665201,3,0,-1,1,0,0
Mercure Paris Gare Montparnasse,7.8,7.975675675675676,377.0,22.0,14.513513513513514,16.972972972972972,5.891891891891892,,,0.07570715474209647,399.0,5.991464547107982,0,0,-1,3,0,0
Mercure Paris Gobelins Place d Italie,7.6,7.779166666666668,199.0,16.0,12.0,13.25,9.0,48.8321231,2.3536172,0.047619047619047616,215.0,5.375278407684165,1,0,-1,3,0,0
Mercure Paris Montmartre Sacr Coeur,8.4,8.28624535315985,1652.0,159.0,21.405204460966544,17.828996282527882,5.713754646840148,48.8852794,2.3301021,-0.08888478240783518,1811.0,7.502186486602924,0,0,0,0,0,0
Mercure Paris Montparnasse Raspail,8.2,8.383544303797468,369.0,37.0,18.974683544303797,19.265822784810126,6.810126582278481,48.8412131,2.3302954,0.007419354838709671,406.0,6.008813185442595,0,0,0,0,0,0
Mercure Paris Notre Dame Saint Germain des Pr s,8.0,8.181333333333333,268.0,28.0,18.826666666666668,18.026666666666667,6.066666666666666,48.8503074,2.3450612,-0.021134202183867575,296.0,5.6937321388027,0,0,-1,3,0,0
Mercure Paris Op ra Faubourg Montmartre,7.5,6.827272727272728,223.0,19.0,23.060606060606062,11.424242424242424,4.484848484848484,48.8729639,2.3444899,-0.3279248505550812,242.0,5.493061443340548,1,0,-1,3,0,0
Mercure Paris Opera Garnier,8.1,8.262222222222222,501.0,42.0,16.5,16.166666666666668,5.233333333333333,48.8749511,2.3259532,-0.009900990099009865,543.0,6.298949246855942,0,0,0,0,0,0
Mercure Paris Opera Grands Boulevards,8.0,8.035384615384615,359.0,32.0,17.861538461538462,21.523076923076925,6.369230769230769,48.8740668,2.3502172,0.09066666666666669,391.0,5.971261839790462,0,0,-1,3,0,0
Mercure Paris Opera Louvre,8.1,8.052127659574468,511.0,48.0,27.54255319148936,19.01063829787234,4.297872340425532,48.8710895,2.3393461,-0.17941834451901564,559.0,6.327936783729195,0,0,0,0,0,0
Mercure Paris Pigalle Sacre Coeur,8.3,7.967692307692308,441.0,44.0,25.338461538461537,18.907692307692308,7.3076923076923075,48.8823398,2.3364764,-0.14212852771166268,485.0,6.186208623900494,0,0,0,3,0,0
Mercure Paris Place d Italie,7.9,7.848148148148148,192.0,13.0,16.333333333333332,10.703703703703704,7.444444444444445,48.830196,2.3529539,-0.20079260237780708,205.0,5.327876168789581,1,0,-1,3,0,0
Mercure Paris Porte De Versailles Expo,7.7,7.575,462.0,24.0,17.3,13.525,6.2,48.8268251,2.2912033,-0.11861743912018853,486.0,6.18826412308259,1,0,0,3,0,0
Mercure Paris Porte d Orleans,7.5,8.18,110.0,6.0,17.4,18.7,6.7,48.8178079,2.3293636,0.03504043126684639,116.0,4.762173934797756,1,0,-1,3,0,0
Mercure Paris Terminus Nord,7.4,7.444962302947225,5575.0,740.0,18.324194653872514,15.150788211103496,7.885538039753255,48.8794843,2.3556545,-0.09204954372850348,6315.0,8.750841375375533,1,0,-1,0,0,0
Mercure Paris Tour Eiffel Pont Mirabeau,8.0,7.517142857142858,259.0,33.0,19.0,17.928571428571427,5.885714285714286,48.8460269,2.2788281,-0.028248587570621507,292.0,5.680172609017068,1,0,-1,3,0,0
Mercure Secession Wien,8.5,8.333980582524271,753.0,73.0,12.990291262135923,16.368932038834952,11.368932038834952,48.200561,16.3647063,0.11128877518388232,826.0,6.717804695023691,3,0,0,1,0,1
Mercure Tour Eiffel Grenelle,8.3,8.284615384615385,153.0,18.0,19.23076923076923,20.71794871794872,4.769230769230769,48.850448,2.2928845,0.03631809643080781,171.0,5.147494476813453,0,0,-1,3,0,0
Mercure Vaugirard Paris Porte De Versailles,8.5,8.552830188679245,843.0,63.0,18.764150943396228,18.29245283018868,6.933962264150943,48.8330649,2.2879617,-0.012394645513138349,906.0,6.810142450115136,0,0,0,0,0,0
Mercure Vienna First,8.8,8.902531645569619,516.0,56.0,14.645569620253164,20.39240506329114,6.518987341772152,48.2114567,16.3738677,0.15946610467158412,572.0,6.35088571671474,2,1,0,1,0,1
Mercure Wien Zentrum,8.3,8.234868421052632,1105.0,104.0,15.657894736842104,16.61842105263158,8.203947368421053,48.2114087,16.3746469,0.028865164096480843,1209.0,7.098375638590786,0,0,0,1,0,0
MiHotel,7.8,8.245454545454546,319.0,14.0,18.0,10.454545454545455,9.181818181818182,45.4405621,9.1921165,-0.2561728395061728,333.0,5.811140992976701,1,0,-1,3,0,0
Milan Marriott Hotel,7.6,7.35945945945946,576.0,61.0,19.72972972972973,14.18918918918919,8.675675675675675,45.4611287,9.1542675,-0.1586687306501548,637.0,6.45833828334479,1,0,-1,3,0,0
Milan Suite Hotel,8.7,8.729197080291971,933.0,69.0,14.153284671532846,20.37226277372263,10.802919708029197,45.5000245,9.1428722,0.17505650297924802,1002.0,6.910750787961936,3,1,0,1,0,1
Milestone Hotel Kensington,9.5,9.572093023255814,209.0,40.0,8.081395348837209,22.406976744186046,10.988372093023257,51.5020425,-0.1866541,0.4549483013293944,249.0,5.521460917862246,2,1,-1,1,0,1
Mill sime H tel,9.3,9.395209580838323,656.0,87.0,10.119760479041917,26.25748502994012,10.868263473053892,48.8550236,2.3350786,0.431752643383531,743.0,6.612041034833092,2,1,0,1,0,1
Millennium Copthorne Hotels at Chelsea Football Club,8.2,8.062713797035348,1842.0,525.0,18.244013683010262,13.101482326111745,5.326111744583809,51.481663,-0.1909565,-0.15898755596291464,2367.0,7.769800996003896,0,0,0,0,0,0
Millennium Gloucester Hotel London,7.8,7.673606237816764,5726.0,1444.0,22.174269005847954,12.412475633528265,5.548927875243665,51.4935083,-0.1834346,-0.27430981595092024,7170.0,8.877800393882575,1,0,-1,0,0,0
Millennium Hotel London Knightsbridge,7.5,7.448361469712016,2746.0,759.0,18.586891757696126,10.23038728897716,5.393247269116187,51.4999683,-0.1599927,-0.28025711050422963,3505.0,8.16223106548118,1,0,5,0,0,0
Millennium Hotel London Mayfair,7.8,7.6347964884277735,3117.0,806.0,20.308858739026338,11.078212290502794,5.4445331205107745,51.510574,-0.1509951,-0.28501022646065893,3923.0,8.274866820685254,1,0,-1,0,0,0
Millennium Hotel Paris Opera,7.8,7.9224,515.0,78.0,19.064,15.136,6.752,48.8724588,2.3378004,-0.1115909090909091,593.0,6.386879319362645,1,0,0,0,0,0
Mimi s Hotel Soho,8.3,8.23948717948718,687.0,125.0,28.223076923076924,21.476923076923075,5.856410256410256,51.5140329,-0.1320651,-0.13306023365194966,812.0,6.70073110954781,0,0,0,0,0,0
Mokinba Hotels Baviera,7.7,7.448920863309353,1240.0,85.0,24.48201438848921,14.532374100719425,8.050359712230216,45.4782808,9.1997755,-0.24865156418554474,1325.0,7.189922170745808,1,0,-1,0,0,0
Mokinba Hotels King,7.3,6.979605263157896,1291.0,100.0,20.986842105263158,10.736842105263158,7.552631578947368,45.4656023,9.1778675,-0.31322878970647366,1391.0,7.238496840894365,1,0,-1,3,0,0
Mokinba Hotels Montebianco,7.5,7.3979591836734695,761.0,43.0,23.6734693877551,12.061224489795919,8.918367346938776,45.4788051,9.1446276,-0.31611111111111106,804.0,6.690842277418564,1,0,-1,3,0,0
Molitor Paris MGallery by Sofitel,8.8,8.676712328767122,659.0,29.0,15.068493150684931,13.89041095890411,8.931506849315069,48.8448902,2.252833,-0.03932327389117513,688.0,6.535241271013659,3,0,0,0,0,1
Mondrian London,9.1,9.110483364720652,3611.0,1100.0,17.81607030759573,19.76647834274953,7.549905838041432,51.5084036,-0.1067988,0.0505515603136898,4711.0,8.457867725331422,0,1,-1,0,0,1
Monhotel Lounge SPA,8.4,8.848571428571429,171.0,26.0,15.114285714285714,31.914285714285715,7.742857142857143,48.8743481,2.2897334,0.3497917906008329,197.0,5.288267030694535,2,1,-1,3,0,1
Monsieur Cadet Hotel Spa Ex Meyerhold Spa ,8.7,8.77258064516129,334.0,36.0,16.548387096774192,20.548387096774192,8.64516129032258,48.8742767,2.3426276,0.10499576629974598,370.0,5.916202062607435,2,1,0,1,0,1
Montagu Place Hotel,9.1,9.004504504504505,287.0,65.0,12.63963963963964,19.864864864864863,6.36936936936937,51.5191009,-0.1592,0.21564936810970686,352.0,5.8664680569332965,2,1,0,1,0,1
Montcalm Royal London House City of London,9.2,9.194685314685314,1592.0,461.0,17.827972027972027,23.45874125874126,4.699300699300699,51.5218066,-0.0856081,0.13315693732429307,2053.0,7.627544390488503,2,1,-1,0,0,1
Montfleuri,8.2,8.333333333333334,1106.0,168.0,14.131578947368421,15.271929824561404,11.31578947368421,48.8747153,2.2906388,0.037507212925562625,1274.0,7.150701457592526,3,0,0,1,0,0
Monument Hotel,9.3,9.381327800829876,849.0,132.0,10.601659751037344,21.941908713692946,6.659751037344399,41.3939082,2.1622556,0.3380752102919347,981.0,6.889591308354466,2,1,0,1,0,1
Morgan Mees,8.8,8.859060402684564,507.0,62.0,17.20805369127517,26.20805369127517,9.832214765100671,52.3743712,4.8746196,0.20262919310970082,569.0,6.345636360828596,2,1,0,1,0,1
My Bloomsbury,8.1,7.963498920086393,1161.0,253.0,25.7451403887689,15.645788336933045,6.596112311015119,51.5188555,-0.1319172,-0.2382432363580782,1414.0,7.254884810077338,1,0,0,0,0,0
My Chelsea,8.2,8.180622009569378,1003.0,235.0,19.11244019138756,17.145933014354068,8.504784688995215,51.4919083,-0.1684398,-0.05278027481700267,1238.0,7.122059881629142,0,0,0,0,0,0
My Home In Paris,9.1,8.958536585365854,338.0,31.0,18.51219512195122,26.804878048780488,8.768292682926829,48.8636049,2.3688352,0.17904160084254872,369.0,5.91350300563827,2,1,0,1,0,1
NH Amsterdam Caransa,7.9,8.0109375,966.0,137.0,20.8359375,17.07421875,6.52734375,52.3664077,4.8969091,-0.09667704045778536,1103.0,7.00669522683704,1,0,0,0,0,0
NH Amsterdam Centre,7.7,7.644810126582278,1574.0,241.0,24.29873417721519,13.51645569620253,6.1265822784810124,52.3630682,4.8794451,-0.27778502478476397,1815.0,7.504391559161238,1,0,-1,0,0,0
NH Amsterdam Museum Quarter,8.0,8.035983263598325,854.0,141.0,20.94142259414226,17.84518828451883,6.527196652719665,52.3560923,4.8858229,-0.07782101167315171,995.0,6.903747257584598,0,0,0,0,0,0
NH Amsterdam Noord,8.2,8.395104895104895,734.0,83.0,16.433566433566433,18.503496503496503,5.846153846153846,52.3923684,4.9110442,0.057598754621521704,817.0,6.706862336602747,0,0,0,0,0,0
NH Amsterdam Schiller,7.7,7.81381443298969,1667.0,224.0,26.237113402061855,15.224742268041236,5.85360824742268,52.3657092,4.8966912,-0.2593473827328348,1891.0,7.545389749611823,1,0,0,0,0,0
NH Amsterdam Zuid,7.8,7.923144104803494,1245.0,148.0,24.768558951965066,16.829694323144103,6.794759825327511,52.3266672,4.8800884,-0.18636596617119427,1393.0,7.2399325913204695,1,0,0,0,0,0
NH Barcelona Stadium,8.1,8.128977272727273,1257.0,111.0,12.863636363636363,15.732954545454545,7.176136363636363,41.3812574,2.1269078,0.09694759070838933,1368.0,7.221835825288449,0,0,0,0,0,0
NH Carlton Amsterdam,7.0,7.011891891891891,4231.0,589.0,23.857657657657658,12.422522522522522,5.408108108108108,52.3663727,4.8930505,-0.3067349749885213,4820.0,8.480736654405622,1,0,-1,0,0,0
NH City Centre Amsterdam,8.2,8.149742930591259,3417.0,407.0,23.883033419023135,15.245501285347043,4.809768637532134,52.3697554,4.8887815,-0.21524663677130043,3824.0,8.249313746260636,0,0,-1,0,0,0
NH Collection Amsterdam Barbizon Palace,8.6,8.549242424242424,2865.0,493.0,18.15530303030303,16.208333333333332,8.857323232323232,52.3764175,4.9002201,-0.05505569837189381,3358.0,8.119398589612294,3,0,0,1,0,0
NH Collection Amsterdam Doelen,8.8,8.703481012658228,1251.0,179.0,18.72151898734177,20.32278481012658,9.636075949367088,52.3681919,4.8957609,0.03998735577682948,1430.0,7.266128779556451,3,1,0,1,0,1
NH Collection Amsterdam Grand Hotel Krasnapolsky,8.4,8.276508447304908,4686.0,765.0,22.03620273531778,14.783588093322606,6.890587288817377,52.3727067,4.8943658,-0.1917677089980855,5451.0,8.603737792816423,0,0,-1,0,0,0
NH Collection Barcelona Constanza,8.7,8.514689265536722,1542.0,109.0,19.361581920903955,18.305084745762713,7.214689265536723,41.3885274,2.1360471,-0.02732320280537695,1651.0,7.409741954080923,0,0,0,0,0,0
NH Collection Barcelona Gran Hotel Calder n,8.8,8.807407407407407,1072.0,112.0,16.33862433862434,17.264550264550266,9.55026455026455,41.3894654,2.1662651,0.02675840978593276,1184.0,7.077498053569231,3,1,0,1,0,1
NH Collection Barcelona Podium,8.9,9.017808219178082,883.0,96.0,14.493150684931507,25.65753424657534,4.301369863013699,,,0.2713049267643142,979.0,6.887552571664617,2,1,-1,1,0,1
NH Collection Milano President,8.7,8.67815750371471,3754.0,398.0,14.457652303120357,16.59286775631501,9.50520059435364,45.4630685,9.1979367,0.06662030598052855,4152.0,8.331586243630754,3,1,0,1,0,1
NH Collection Wien Zentrum,8.9,8.85,1887.0,164.0,13.5828025477707,17.81528662420382,9.968152866242038,48.1979979,16.3483314,0.13063992922441758,2051.0,7.62657020629066,3,1,0,1,0,1
NH Danube City,8.4,8.254017857142857,1380.0,144.0,16.683035714285715,15.308035714285714,11.450892857142858,48.2353789,16.4219737,-0.04167794316644119,1524.0,7.329749689041512,3,0,-1,1,0,0
NH Hesperia Barcelona Presidente,8.6,8.422500000000001,847.0,54.0,18.383333333333333,18.2,11.383333333333333,41.3941338,2.1489569,-0.004878048780487812,901.0,6.804614520062624,3,0,0,1,0,1
NH Hesperia Barcelona del Mar,8.2,8.206474820143885,855.0,76.0,20.050359712230215,18.223021582733814,6.76978417266187,41.4014399,2.2100745,-0.04652866825425896,931.0,6.837332814685591,0,0,0,0,0,0
NH London Kensington,8.2,8.237777777777778,879.0,119.0,18.502222222222223,16.622222222222224,7.9511111111111115,51.4948507,-0.1945544,-0.05204232283464563,998.0,6.906754778648554,0,0,0,0,0,0
NH Milano Grand Hotel Verdi,8.2,8.191525423728814,1178.0,90.0,13.158192090395481,15.259887005649718,8.785310734463277,45.4814923,9.192023,0.07144228922604186,1268.0,7.1459844677143876,0,0,0,1,0,0
NH Milano Machiavelli,8.4,8.450555555555555,1119.0,96.0,13.55,18.572222222222223,9.666666666666666,45.4776167,9.2016244,0.15162697081516271,1215.0,7.103322062526113,3,0,0,1,0,1
NH Milano Palazzo Moscova,8.2,8.212844036697248,948.0,75.0,19.743119266055047,20.073394495412845,10.284403669724771,45.480968,9.189977,0.008091706001348635,1023.0,6.931471805599453,3,0,0,1,0,0
NH Milano Touring,8.4,8.214551083591331,4568.0,436.0,15.882352941176471,16.743034055727556,7.606811145510836,45.4769167,9.196665,0.02559616978178808,5004.0,8.518192691749322,0,0,0,1,0,0
NH Sants Barcelona,8.2,8.091588785046728,1122.0,62.0,17.8411214953271,17.476635514018692,8.925233644859814,41.384591,2.1378107,-0.01003602676273797,1184.0,7.077498053569231,0,0,0,1,0,0
NH Wien Belvedere,8.4,8.527638190954773,1191.0,105.0,18.175879396984925,21.44221105527638,11.768844221105528,48.1954348,16.383429,0.0804156872448348,1296.0,7.167809184316444,3,0,0,1,0,1
NH Wien City,8.4,8.432467532467532,1538.0,137.0,18.0,16.653679653679653,13.437229437229437,48.2002872,16.3547746,-0.03776104905293834,1675.0,7.424165281042028,3,0,-1,1,0,0
NYX Milan,8.8,8.595555555555556,1056.0,121.0,24.544444444444444,20.533333333333335,8.566666666666666,45.4868745,9.2018406,-0.08705088015432838,1177.0,7.071573364211532,0,0,0,0,0,1
Napoleon Paris,8.5,8.546153846153846,1144.0,183.0,13.26923076923077,12.606837606837606,9.555555555555555,48.8743885,2.2980915,-0.02464620766417559,1327.0,7.191429330036379,3,0,0,1,0,0
Negresco Princess 4 Sup,8.9,8.974615384615385,2369.0,229.0,18.040384615384614,22.959615384615386,7.357692307692307,41.3905166,2.1725643,0.1171245421245422,2598.0,7.8628820346414905,0,1,0,0,0,1
Nell Hotel Suites,8.8,8.984444444444446,165.0,22.0,9.777777777777779,15.155555555555555,8.222222222222221,48.8741002,2.3426357,0.20736932305055694,187.0,5.236441962829949,2,1,0,1,0,1
New Linden Hotel,7.6,7.575114155251142,2820.0,337.0,23.585616438356166,16.8675799086758,7.363013698630137,51.5133832,-0.1926617,-0.16206317296835843,3157.0,8.057694194815587,1,0,-1,0,0,0
Newhotel Roblin,8.8,8.802952029520295,1327.0,133.0,16.863468634686345,20.047970479704798,9.546125461254613,48.8714152,2.3239679,0.08399844267081961,1460.0,7.2868764117507,3,1,0,1,0,1
Nhow Milan,8.6,8.713197969543147,2286.0,162.0,15.274111675126903,21.598984771573605,9.52284263959391,45.4510425,9.1606536,0.16700174239378102,2448.0,7.803435056952168,3,1,0,1,0,1
Nolinski Paris,9.4,9.455752212389381,437.0,58.0,10.43362831858407,18.398230088495577,9.026548672566372,48.8654874,2.3348924,0.2669830910708989,495.0,6.206575926724928,2,1,0,1,0,1
Norfolk Towers Paddington,7.9,7.884650555192684,4065.0,634.0,23.913128674069235,15.83082952318746,5.898758981058132,51.5162883,-0.1721078,-0.1983680405264592,4699.0,8.45531778769815,1,0,0,0,0,0
Nottingham Place Hotel,8.2,8.1582995951417,580.0,103.0,22.894736842105264,19.493927125506072,5.797570850202429,51.522143,-0.153385,-0.07838014369693014,683.0,6.52795791762255,0,0,0,0,0,0
Novotel Amsterdam City,7.8,7.671669793621013,2501.0,341.0,22.555347091932457,14.804878048780488,5.75797373358349,52.333803,4.8884708,-0.20204440966448206,2842.0,7.952615111651,1,0,0,0,0,0
Novotel Barcelona City,8.4,8.286496350364963,1679.0,145.0,19.277372262773724,19.32116788321168,5.2153284671532845,41.4038774,2.1911894,0.0011059907834100977,1824.0,7.509335266016592,0,0,0,0,0,0
Novotel London Blackfriars,8.7,8.719158878504674,1362.0,231.0,16.095794392523363,16.67056074766355,5.063084112149533,51.5050165,-0.1049831,0.017021865485745944,1593.0,7.374001859350161,0,0,0,0,0,1
Novotel London Canary Wharf,9.0,8.924657534246576,320.0,102.0,20.616438356164384,22.246575342465754,4.308219178082192,51.5011704,-0.0232607,0.03716427232979387,422.0,6.0473721790462776,2,1,-1,0,0,1
Novotel London City South,8.7,8.586217948717948,917.0,233.0,16.756410256410255,15.291666666666666,5.509615384615385,51.5054832,-0.0951196,-0.04432159829308505,1150.0,7.048386408721883,0,0,0,0,0,0
Novotel London Excel,8.5,8.495993031358884,1158.0,359.0,17.761324041811847,15.259581881533101,4.987804878048781,51.5077198,0.0229805,-0.07353543629659974,1517.0,7.325148957955575,0,0,0,0,0,0
Novotel London Greenwich,8.6,8.585119047619047,924.0,274.0,15.783730158730158,15.970238095238095,5.692460317460317,51.4778583,-0.0137463,0.005694208868427436,1198.0,7.089243155027514,0,0,0,0,0,1
Novotel London Paddington,8.5,8.438107416879795,1187.0,232.0,17.14322250639386,15.915601023017903,7.130434782608695,51.519032,-0.1825943,-0.03604415408875872,1419.0,7.258412150595307,0,0,0,0,0,0
Novotel London Tower Bridge,8.6,8.720822622107969,1082.0,215.0,16.802056555269925,13.537275064267352,4.969151670951157,51.5106538,-0.0773676,-0.1041752112213929,1297.0,7.168579897264035,0,0,0,0,0,0
Novotel London Waterloo,8.2,8.01184668989547,1047.0,176.0,24.083623693379792,14.250871080139373,5.080139372822299,51.4948465,-0.1187481,-0.24997785454867572,1223.0,7.1098794630722715,0,0,-1,0,0,0
Novotel London Wembley,8.9,8.905435651478818,2924.0,832.0,14.507593924860112,15.96722621902478,5.2390087929656275,51.5611271,-0.2787261,0.046374603174603186,3756.0,8.231376045573969,0,1,0,0,0,1
Novotel London West,8.3,8.242244738893218,2443.0,704.0,20.146531566640686,15.232268121590023,4.901013250194856,51.4919588,-0.2200956,-0.13508591507048895,3147.0,8.054522609537294,0,0,0,0,0,0
Novotel Milano Linate Aeroporto,8.0,7.995767195767196,1607.0,105.0,19.264550264550266,18.03174603174603,10.687830687830688,45.4481878,9.2570459,-0.032191213042276914,1712.0,7.44600149832412,3,0,0,1,0,0
Novotel Milano Nord Ca Granda,7.8,7.58135593220339,392.0,31.0,16.88135593220339,12.35593220338983,11.169491525423728,45.506502,9.1965192,-0.1496636771300449,423.0,6.049733455231958,1,0,-1,3,0,0
Novotel Paris 14 Porte d Orl ans,8.3,7.951851851851852,147.0,8.0,15.851851851851851,27.962962962962962,5.62962962962963,48.8196885,2.3263505,0.2702479338842975,155.0,5.049856007249537,0,0,-1,3,0,1
Novotel Paris 17,7.9,7.700990099009902,750.0,53.0,20.306930693069308,13.396039603960396,5.564356435643564,48.8920485,2.3023791,-0.19914407988587732,803.0,6.6895992691789665,1,0,0,0,0,0
Novotel Paris Centre Bercy,8.3,7.9298245614035086,1330.0,93.0,18.292397660818715,16.70175438596491,5.608187134502924,48.8384558,2.3805885,-0.04419171405361502,1423.0,7.261225091971921,0,0,0,3,0,0
Novotel Paris Centre Gare Montparnasse,8.1,7.917004048582996,1363.0,144.0,18.48582995951417,17.08502024291498,5.518218623481781,48.838484,2.3150904,-0.03830399645743388,1507.0,7.318539548567902,0,0,0,0,0,0
Novotel Paris Centre Tour Eiffel,7.6,7.414486921529175,2310.0,342.0,22.492957746478872,15.583501006036217,4.7002012072434605,48.8500283,2.2834126,-0.17681890736831266,2652.0,7.88344635413774,1,0,5,0,0,0
Novotel Paris Gare De Lyon,8.5,8.414487632508834,3583.0,353.0,17.171378091872793,17.756183745583037,6.689045936395759,48.8453785,2.3753036,0.016277354315219983,3936.0,8.278174290943738,0,0,0,0,0,0
Novotel Paris Les Halles,8.4,8.42810707456979,2398.0,245.0,19.808795411089868,18.244741873804973,5.621414913957935,48.8607299,2.3465326,-0.04004895960832314,2643.0,7.880048200971577,0,0,0,0,0,0
Novotel Paris Vaugirard Montparnasse,7.6,7.483796296296297,1313.0,143.0,24.11111111111111,17.564814814814813,4.967592592592593,48.8399018,2.3031011,-0.153395530483836,1456.0,7.284134806195205,1,0,-1,0,0,0
Novotel Suites Paris Expo Porte de Versailles,8.8,8.724122807017544,1250.0,91.0,15.802631578947368,22.833333333333332,6.31140350877193,48.827388,2.305478,0.17738187451587917,1341.0,7.201916317531627,0,1,0,1,0,1
Novotel Suites Paris Montreuil Vincennes,7.6,7.2437499999999995,1176.0,110.0,25.557291666666668,13.276041666666666,5.010416666666667,48.8554268,2.4152555,-0.30831589958159,1286.0,7.160069207596127,1,0,-1,3,0,0
Novotel Suites Paris Nord 18 me,7.4,7.029444444444445,1082.0,91.0,28.944444444444443,13.2,4.983333333333333,48.9015941,2.3597783,-0.3649240278135462,1173.0,7.068172000388042,1,0,-1,3,0,0
Novotel Wien City,8.1,8.03888888888889,1632.0,160.0,17.362962962962964,15.22962962962963,7.54074074074074,48.2134246,16.3831309,-0.06350606394707832,1792.0,7.491645473605133,0,0,0,0,0,0
Nu Hotel,8.9,8.695652173913043,1032.0,64.0,14.2,21.48695652173913,16.026086956521738,45.4911829,9.2393614,0.19862526665086516,1096.0,7.00033446027523,3,0,-1,3,0,1
Number Sixteen,9.1,9.049425287356321,270.0,73.0,20.195402298850574,22.896551724137932,6.908045977011494,51.4930905,-0.1755022,0.06126173096976022,343.0,5.840641657373398,2,1,0,0,0,1
Occidental Atenea Mar Adults Only,8.2,8.168530020703933,2500.0,241.0,24.71014492753623,20.12008281573499,5.966873706004141,41.4023621,2.2119049,-0.1001535959522949,2741.0,7.91644286012226,0,0,0,0,0,0
Oceania Paris Porte De Versailles,8.2,8.017216117216117,2541.0,171.0,19.91941391941392,17.043956043956044,7.355311355311355,48.8303023,2.2842872,-0.07574295638749519,2712.0,7.905810312658931,0,0,0,0,0,0
Ofelias Hotel 4 Sup,8.6,8.933333333333334,343.0,53.0,22.34567901234568,25.333333333333332,8.703703703703704,41.3957584,2.1822402,0.061374587877250766,396.0,5.983936280687191,2,1,0,3,0,1
Ohla Barcelona,9.0,9.077656675749319,1346.0,163.0,18.817438692098094,21.705722070844686,8.683923705722071,41.3870479,2.174336,0.0695583699717829,1509.0,7.31986492980897,2,1,0,0,0,1
Ohla Eixample,9.1,9.0968,978.0,133.0,18.976,22.472,8.992,41.3944574,2.1564353,0.08235959291368268,1111.0,7.013915474810528,2,1,0,0,0,1
Okko Hotels Paris Porte De Versailles,9.2,9.083720930232559,257.0,13.0,18.186046511627907,33.23255813953488,5.1395348837209305,48.8327729,2.2787597,0.28704525288376215,270.0,5.602118820879701,2,1,-1,1,0,1
Old Ship Inn Hackney,7.9,7.832857142857142,272.0,81.0,24.34285714285714,24.292857142857144,6.328571428571428,51.5458476,-0.0554113,-0.0010073391854942585,353.0,5.869296913133774,1,0,-1,3,0,0
Olivia Balmes Hotel,9.3,9.410392156862745,1835.0,244.0,11.198039215686274,25.4078431372549,7.919607843137255,41.392095,2.158493,0.37786120235674436,2079.0,7.640123172695364,2,1,0,1,0,1
Olivia Plaza Hotel,9.3,9.391591203104786,2757.0,315.0,8.70633893919793,24.407503234152653,7.446313065976714,41.3861459,2.1711594,0.460257868790292,3072.0,8.030409562130485,2,1,-1,1,0,1
One Aldwych,9.2,9.14485294117647,259.0,60.0,16.24264705882353,21.25735294117647,6.639705882352941,51.5117832,-0.1194172,0.13025210084033614,319.0,5.768320995793772,2,1,0,0,0,1
Onix Liceo,8.1,8.141666666666667,1257.0,98.0,21.683333333333334,16.3625,8.0875,41.3780229,2.1730782,-0.13627147582968732,1355.0,7.212294468500341,0,0,0,0,0,0
Op ra Marigny,8.1,7.896521739130435,735.0,80.0,26.782608695652176,16.869565217391305,6.721739130434782,48.871723,2.3235377,-0.22200584225900682,815.0,6.704414354964107,1,0,0,0,0,0
Ozo Hotel,7.6,7.450528541226215,3383.0,278.0,25.7061310782241,14.570824524312897,8.463002114164905,52.3047669,4.9476868,-0.2697705388240114,3661.0,8.205764725234456,1,0,-1,0,0,0
Paddington Court Executive Rooms,7.9,7.902158273381295,681.0,128.0,19.12230215827338,14.363309352517986,6.798561151079137,51.5138357,-0.1797976,-0.1379993741524982,809.0,6.697034247666484,1,0,0,0,0,0
Pakat Suites Hotel,8.6,8.347727272727273,664.0,68.0,23.318181818181817,17.977272727272727,13.272727272727273,48.19183,16.3770876,-0.12627619559376677,732.0,6.597145701886651,3,0,-1,3,0,0
Palais Coburg Residenz,9.5,9.5125,98.0,6.0,10.75,15.5,13.0,48.2058584,16.3766545,0.1743119266055046,104.0,4.653960350157523,2,0,-1,3,0,1
Palais Hansen Kempinski Vienna,9.2,9.242857142857142,865.0,111.0,13.13265306122449,19.31122448979592,12.10204081632653,48.2163149,16.3685103,0.184744469870328,976.0,6.884486652042782,2,1,-1,1,0,1
Palazzo Parigi Hotel Grand Spa Milano,9.3,9.410655737704918,534.0,84.0,8.344262295081966,19.565573770491802,7.311475409836065,45.473348,9.1910733,0.388148568188262,618.0,6.428105272684596,2,1,0,1,0,1
Palazzo Segreti,8.9,8.50294117647059,392.0,45.0,13.279411764705882,18.764705882352942,9.411764705882353,45.4672309,9.184154,0.16599910992434358,437.0,6.082218910376446,2,1,-1,3,0,1
Paris Marriott Champs Elysees Hotel,7.9,7.839361702127659,372.0,86.0,17.0531914893617,10.042553191489361,6.1063829787234045,48.8711365,2.3050482,-0.24952669443392655,458.0,6.129050210060545,1,0,0,0,0,0
Paris Marriott Opera Ambassador Hotel,7.9,7.643939393939394,263.0,37.0,16.87878787878788,10.43939393939394,6.212121212121212,48.8728351,2.3362507,-0.22739432851792402,300.0,5.707110264748875,1,0,-1,3,0,0
Paris Marriott Rive Gauche Hotel,7.5,7.386956521739131,239.0,37.0,21.23913043478261,11.304347826086957,8.195652173913043,48.8315962,2.3399796,-0.29617627997407653,276.0,5.6240175061873385,1,0,-1,3,0,0
Park Avenue Baker Street,7.7,7.66545240893067,1913.0,468.0,22.143360752056406,14.808460634547592,6.226792009400705,51.5241452,-0.1609907,-0.19326872464934827,2381.0,7.775695749915245,1,0,0,0,0,0
Park Grand London Hyde Park,7.5,7.472527472527473,1891.0,441.0,23.962148962148962,15.963369963369964,5.617826617826617,51.5157316,-0.1802179,-0.19544722238797063,2332.0,7.75491027202143,1,0,5,0,0,0
Park Grand London Kensington,8.4,8.477416221466731,4660.0,989.0,19.129188926663428,18.2243807673628,7.815930063137445,51.4938468,-0.1917582,-0.023591237178675378,5649.0,8.639410824140487,0,0,0,0,0,0
Park Grand London Lancaster Gate,8.8,8.8568345323741,1519.0,289.0,13.203237410071942,22.95863309352518,6.471223021582734,51.5132069,-0.1807816,0.2625108895557061,1808.0,7.500529485395295,2,1,0,1,0,1
Park Grand Paddington Court,8.1,8.18583916083916,6608.0,1243.0,19.799825174825173,17.94055944055944,6.229895104895105,51.5135555,-0.180002,-0.04799296012996681,7851.0,8.968523555396352,0,0,-1,0,0,0
Park Hotel,8.3,8.382861635220126,2027.0,297.0,22.22798742138365,17.650943396226417,7.04559748427673,52.3613814,4.8832594,-0.11196584484018612,2324.0,7.751475318021456,0,0,0,0,0,0
Park Hyatt Milano,9.1,9.05391304347826,428.0,90.0,8.834782608695653,12.521739130434783,9.747826086956522,45.4654912,9.1889612,0.16491637495138078,518.0,6.251903883165888,2,1,0,1,0,1
Park Hyatt Paris Vendome,8.9,9.148275862068965,124.0,25.0,11.275862068965518,15.379310344827585,6.068965517241379,48.8688155,2.3305236,0.14837905236907725,149.0,5.0106352940962555,2,1,-1,3,0,1
Park Hyatt Vienna,9.3,9.16195652173913,532.0,82.0,18.054347826086957,15.16304347826087,12.478260869565217,48.2105243,16.3683592,-0.08449809402795427,614.0,6.421622267806518,3,0,-1,3,0,1
Park Inn by Radisson Uno City Vienna,8.6,8.460110803324099,2341.0,198.0,14.221606648199446,19.14681440443213,9.590027700831024,48.2340799,16.4210093,0.1433061981139679,2539.0,7.8399193600125825,3,0,0,1,0,1
Park International Hotel,7.8,7.681673306772908,1252.0,229.0,24.51394422310757,14.615537848605578,8.57569721115538,51.4945144,-0.1866172,-0.24666170265574577,1481.0,7.301147805856032,1,0,4,0,0,0
Park Lane Mews Hotel,7.0,6.897256385998108,2061.0,444.0,25.436140018921474,12.387890255439924,7.123935666982025,51.5059334,-0.1489418,-0.3360869459268465,2505.0,7.826443135456014,1,0,-1,0,0,0
Park Plaza County Hall London,8.4,8.369545659019343,6117.0,1322.0,20.621682411156094,17.083220872694557,5.233468286099865,51.5014001,-0.1160092,-0.09142153159540213,7439.0,8.914626127827137,0,0,-1,0,0,0
Park Plaza London Park Royal,8.9,8.901015228426395,425.0,131.0,25.401015228426395,21.502538071065988,4.096446700507614,51.527262,-0.282992,-0.08138179506199006,556.0,6.322565239927284,0,1,-1,0,0,1
Park Plaza London Riverbank,8.3,8.228934010152283,4684.0,1195.0,24.20581449007845,15.497923396400553,5.087217351176742,51.4913737,-0.1214194,-0.2139334504846664,5879.0,8.679312040892672,0,0,-1,0,0,0
Park Plaza London Waterloo,8.8,8.666485507246376,1489.0,323.0,25.403985507246375,21.3768115942029,5.172101449275362,51.4982412,-0.1134715,-0.08428436018957343,1812.0,7.502738210754851,0,0,0,0,0,0
Park Plaza Sherlock Holmes London,8.2,8.092567567567567,1496.0,341.0,18.86993243243243,16.214527027027028,5.214527027027027,51.5209191,-0.1566567,-0.073588615298193,1837.0,7.516433302915632,0,0,0,0,0,0
Park Plaza Victoria Amsterdam,8.0,8.130031347962381,4820.0,973.0,19.94858934169279,15.302194357366771,5.143573667711599,52.377278,4.897818,-0.1281736423382913,5793.0,8.664578178329295,0,0,0,0,0,0
Park Plaza Victoria London,8.6,8.546500346500347,4426.0,954.0,17.81704781704782,16.015246015246014,9.004851004851005,51.4942539,-0.1414756,-0.051727911187155654,5380.0,8.59062950948942,3,0,0,1,0,0
Park Plaza Vondelpark Amsterdam,7.5,7.551013513513513,2176.0,313.0,25.347972972972972,16.798986486486488,5.043918918918919,52.3542655,4.8664365,-0.1981364757467799,2489.0,7.820037989458753,1,0,5,0,0,0
Park Plaza Westminster Bridge London,8.7,8.652866394818902,12158.0,2623.0,20.56296473974574,15.958743103861837,6.057088030702807,51.5009609,-0.1165913,-0.12270821080624951,14781.0,9.601165503344832,0,0,-1,0,0,0
Pershing Hall,8.2,8.607142857142858,67.0,19.0,13.857142857142858,9.285714285714286,2.5714285714285716,48.8691325,2.3021659,-0.18934911242603547,86.0,4.465908118654584,0,0,-1,3,0,0
Pertschy Palais Hotel,8.1,8.210580204778156,1225.0,65.0,18.747440273037544,20.498293515358363,9.399317406143345,48.2082256,16.3684123,0.043504070556309345,1290.0,7.1631723908466425,3,0,0,1,0,0
Pestana Arena Barcelona,8.5,8.67605633802817,904.0,71.0,13.654929577464788,21.93661971830986,13.669014084507042,41.376801,2.1460443,0.2263279445727483,975.0,6.883462586413092,3,0,-1,1,0,1
Pestana Chelsea Bridge Hotel Spa,8.6,8.519577464788732,1686.0,568.0,15.798591549295775,14.529577464788732,7.8605633802816905,51.4815995,-0.1481053,-0.040507125837342124,2254.0,7.720905251936779,0,0,0,0,0,0
Petit Palace Barcelona,7.9,8.159375,1148.0,90.0,20.4875,15.99375,6.75,41.3909816,2.1714938,-0.11989327997332,1238.0,7.122059881629142,0,0,0,3,0,0
Petit Palace Boqueria Garden,8.5,8.600508905852417,3602.0,392.0,21.515267175572518,20.268447837150127,7.17175572519084,41.3812223,2.1739622,-0.029142381348875916,3994.0,8.292798858200374,0,0,0,0,0,0
Petit Palace Museum,8.6,8.659824046920821,1594.0,167.0,16.36950146627566,19.35483870967742,7.697947214076247,41.3888014,2.1653738,0.08129042561686493,1761.0,7.474204806496124,0,0,0,0,0,1
Petit Palais Hotel De Charme,8.5,8.721739130434782,422.0,37.0,21.6231884057971,25.057971014492754,11.420289855072463,45.4559784,9.1871812,0.07203647416413374,459.0,6.131226489483141,3,0,-1,3,0,1
Phileas Hotel,8.7,8.5609375,1000.0,91.0,18.484375,18.552083333333332,10.682291666666666,48.8768854,2.3270623,0.0017800903738189476,1091.0,6.9957661563048505,3,0,0,1,0,1
Pillows Anna van den Vondel Amsterdam,9.4,9.366071428571429,161.0,20.0,14.089285714285714,47.964285714285715,4.392857142857143,52.3607413,4.8695315,0.5372415746247522,181.0,5.204006687076795,2,1,-1,1,0,1
Platine Hotel Spa,8.6,8.865486725663716,729.0,49.0,12.752212389380531,21.938053097345133,7.566371681415929,48.8473459,2.2832408,0.2573766426977436,778.0,6.658011045870748,2,1,0,1,0,1
Plaza Tour Eiffel,8.5,8.443283582089553,266.0,37.0,13.970149253731343,18.059701492537314,7.268656716417911,48.8645647,2.2821827,0.12381382738364216,303.0,5.717027701406222,0,0,-1,1,0,1
Pol Grace Hotel,8.8,8.792250000000001,2220.0,190.0,16.75,24.3975,7.4275,41.4017465,2.1477365,0.1814461118690314,2410.0,7.787796878181171,0,1,0,1,0,1
Portobello House,8.4,8.558778625954199,344.0,73.0,16.480916030534353,19.27480916030534,5.916030534351145,51.5199224,-0.2116636,0.07601246105918993,417.0,6.035481432524756,0,0,0,0,0,1
Primero Primera,9.2,9.263380281690141,261.0,32.0,11.535211267605634,28.816901408450704,7.845070422535211,41.4002812,2.1297427,0.4179155313351499,293.0,5.683579767338681,2,1,-1,1,0,1
Prince de Galles a Luxury Collection hotel Paris,9.0,8.752500000000001,171.0,42.0,11.7,8.725,4.25,48.869143,2.3006526,-0.13885647607934656,213.0,5.365976015021851,0,0,-1,3,0,1
Pulitzer Amsterdam,9.1,9.216333333333333,909.0,182.0,14.333333333333334,20.986666666666668,7.783333333333333,52.3728353,4.883326,0.18318649045521296,1091.0,6.9957661563048505,2,1,0,0,0,1
Pullman Barcelona Skipper,8.6,8.53956834532374,1424.0,199.0,23.744604316546763,18.633093525179856,6.942446043165468,41.3860183,2.19473,-0.11783729994195209,1623.0,7.392647520721623,0,0,0,0,0,0
Pullman London St Pancras,8.9,8.899274778404513,3168.0,728.0,14.577759871071716,16.604351329572925,7.040290088638195,51.5286766,-0.1283489,0.06297260754168961,3896.0,8.26796230533871,0,1,0,0,0,1
Pullman Paris Centre Bercy,8.7,8.758482142857144,1382.0,150.0,14.754464285714286,19.571428571428573,6.816964285714286,48.8315204,2.3870797,0.1363578920763301,1532.0,7.334981878871814,0,1,0,1,0,1
Pullman Paris Montparnasse,8.1,7.902631578947368,1501.0,151.0,22.304511278195488,14.154135338345865,7.379699248120301,48.8382943,2.3210421,-0.2175832998795664,1652.0,7.410347097821024,1,0,0,0,0,0
Pullman Paris Tour Eiffel,8.6,8.601063829787234,2764.0,428.0,23.430260047281322,17.51891252955083,5.356973995271868,48.8555664,2.2926243,-0.1409169038293555,3192.0,8.068716192714781,0,0,0,0,0,0
Qualys Hotel Nasco,8.2,8.251941747572817,1658.0,101.0,18.150485436893202,20.281553398058254,9.339805825242719,45.4848809,9.1596461,0.05404407238704919,1759.0,7.473069088032197,3,0,0,1,0,0
R Kipling by Happyculture,8.3,8.491666666666665,389.0,27.0,19.047619047619047,20.452380952380953,6.2023809523809526,48.8820838,2.3315849,0.034685479129923584,416.0,6.0330862217988015,0,0,0,0,0,0
Radisson Blu Champs Elys es Paris,7.4,7.3842105263157904,576.0,97.0,14.519736842105264,10.75,7.8355263157894735,48.8719212,2.2971404,-0.14350112697220138,673.0,6.513230110912307,1,0,-1,0,0,0
Radisson Blu Edwardian Berkshire,8.1,8.057657657657657,1600.0,252.0,18.79099099099099,13.740540540540541,6.623423423423423,51.5146025,-0.1481978,-0.15061794734013967,1852.0,7.52456122628536,0,0,0,0,0,0
Radisson Blu Edwardian Bloomsbury Street,8.6,8.588713318284425,1641.0,392.0,20.25846501128668,15.714446952595937,4.8487584650112865,51.517608,-0.1276253,-0.12290127602417729,2033.0,7.617759576608505,0,0,0,0,0,0
Radisson Blu Edwardian Grafton,8.3,8.37784342688331,2826.0,713.0,20.402511078286558,16.67060561299852,6.783604135893649,51.5241386,-0.1380807,-0.09801943706232667,3539.0,8.17188200612782,0,0,0,0,0,0
Radisson Blu Edwardian Hampshire,8.7,8.697704447632711,1543.0,378.0,18.84648493543759,15.107604017216643,5.061692969870875,51.509963,-0.129797,-0.10696548044165337,1921.0,7.561121589530238,0,0,0,0,0,0
Radisson Blu Edwardian Kenilworth,8.2,8.219214437367304,2011.0,406.0,23.415074309978767,15.664543524416136,6.26963906581741,51.5179725,-0.1280495,-0.19337836048205534,2417.0,7.790696031174738,0,0,0,0,0,0
Radisson Blu Edwardian Mercer Street,8.7,8.727770534550196,1478.0,386.0,17.20078226857888,15.853976531942633,6.297262059973924,51.5139275,-0.1271506,-0.039548238897396684,1864.0,7.5310163320779155,0,0,0,0,0,1
Radisson Blu Edwardian New Providence Wharf,9.0,9.007839721254355,1974.0,620.0,16.29355400696864,19.526132404181183,4.036585365853658,51.5065578,-0.004514,0.08779483782441029,2594.0,7.861341795599989,0,1,-1,0,0,1
Radisson Blu Edwardian Sussex,8.0,7.873298429319371,1295.0,234.0,19.076788830715532,13.204188481675393,6.869109947643979,51.5144381,-0.1558337,-0.17645516518091242,1529.0,7.333023014386481,1,0,0,0,0,0
Radisson Blu Edwardian Vanderbilt,8.2,8.17195685670262,2665.0,514.0,20.54853620955316,16.726502311248073,5.640986132511556,51.4953691,-0.1818966,-0.0998570882228619,3179.0,8.064636475774222,0,0,0,0,0,0
Radisson Blu Hotel Amsterdam,8.6,8.605267629566695,4593.0,827.0,18.457094307561597,16.148683092608326,7.91588785046729,52.3702469,4.8966743,-0.06483249021666507,5420.0,8.598035579260339,0,0,0,0,0,0
Radisson Blu Hotel Milan,8.2,8.353811659192825,1626.0,140.0,21.609865470852018,15.89237668161435,7.345291479820628,45.500667,9.1445874,-0.14849755415793153,1766.0,7.4770384723196965,0,0,0,0,0,0
Radisson Blu Portman Hotel London,7.9,7.791129032258064,2308.0,597.0,20.726958525345623,11.574884792626728,6.263824884792626,51.5161911,-0.1579487,-0.2748218362969626,2905.0,7.974532844130228,1,0,0,0,0,0
Radisson Blu Style Hotel Vienna,8.4,8.33855421686747,1189.0,157.0,22.73895582329317,14.365461847389557,7.746987951807229,48.2101211,16.3655537,-0.2197512647554806,1346.0,7.205635176410364,0,0,-1,0,0,0
Rafayel Hotel Spa,8.0,7.845348837209302,1378.0,472.0,28.456072351421188,15.978036175710594,5.077519379844961,51.4703604,-0.1779869,-0.27464027754080644,1850.0,7.523481312573497,1,0,0,0,0,0
Rainers Hotel Vienna,8.2,8.294285714285714,1852.0,191.0,16.923809523809524,16.166666666666668,9.780952380952382,48.1791893,16.3625367,-0.02220980583880427,2043.0,7.622663951323595,3,0,0,1,0,0
Ramada Apollo Amsterdam Centre,8.2,8.295715962441314,5770.0,926.0,24.343309859154928,22.65786384976526,6.752934272300469,52.3681299,4.8440847,-0.03511259994620626,6696.0,8.80941494391005,0,0,-1,0,0,0
Ramada Plaza Milano,8.4,8.115028901734105,2612.0,203.0,21.53179190751445,18.893063583815028,11.479768786127167,45.501946,9.2277569,-0.06369915579432078,2815.0,7.943072717277933,3,0,0,1,0,0
Rathbone,8.3,8.28728813559322,776.0,199.0,15.194915254237289,15.819209039548022,5.918079096045198,51.5186801,-0.1354055,0.019500573546280743,975.0,6.883462586413092,0,0,0,0,0,0
Relais Christine,9.1,9.083695652173912,287.0,59.0,15.51086956521739,16.684782608695652,6.271739130434782,48.8542454,2.339956,0.03536345776031436,346.0,5.849324779946859,2,1,0,0,0,1
Relais Du Louvre,8.9,8.971590909090908,406.0,50.0,9.840909090909092,25.772727272727273,7.988636363636363,48.8592264,2.340996,0.4351334574798261,456.0,6.124683390894205,2,1,0,1,0,1
Relais H tel du Vieux Paris,8.9,9.205128205128204,464.0,49.0,12.314102564102564,30.608974358974358,8.467948717948717,48.8538608,2.3429487,0.41652072387624056,513.0,6.2422232654551655,2,1,0,1,0,1
Relais Saint Jacques,8.7,8.773333333333333,519.0,61.0,12.091666666666667,18.95,12.391666666666667,48.8430523,2.3422519,0.21404421326397918,580.0,6.364750756851911,3,0,-1,1,0,1
Renaissance Amsterdam Hotel,8.0,8.00281954887218,1710.0,348.0,22.94360902255639,14.246240601503759,5.825187969924812,52.377955,4.894641,-0.2277403159915342,2058.0,7.629975707027789,1,0,0,0,0,0
Renaissance Barcelona Hotel,7.6,7.051515151515151,104.0,20.0,24.454545454545453,7.2727272727272725,6.454545454545454,,,-0.5249999999999999,124.0,4.8283137373023015,1,0,-1,3,0,0
Renaissance Paris Arc de Triomphe Hotel,8.4,8.429166666666667,214.0,36.0,20.041666666666668,16.5,10.395833333333334,48.8772093,2.2968266,-0.09433962264150945,250.0,5.5254529391317835,3,0,-1,3,0,0
Renaissance Paris Le Parc Trocadero Hotel,8.1,8.238461538461538,94.0,10.0,14.23076923076923,17.846153846153847,8.23076923076923,48.8673099,2.2856528,0.10930232558139538,104.0,4.653960350157523,0,0,-1,3,0,1
Renaissance Paris Republique Hotel Spa,8.5,8.823076923076924,54.0,7.0,9.461538461538462,12.307692307692308,4.6923076923076925,48.8687804,2.3610196,0.12500000000000003,61.0,4.127134385045092,2,0,-1,3,0,1
Renaissance Paris Vendome Hotel,7.9,8.578571428571427,74.0,13.0,24.071428571428573,28.214285714285715,8.642857142857142,48.8654532,2.3295231,0.07774798927613939,87.0,4.477336814478207,2,0,-1,3,0,1
Residence Du Roy,8.4,8.422072072072073,970.0,98.0,15.022522522522523,18.306306306306308,9.153153153153154,48.8657687,2.3090386,0.09565673796089752,1068.0,6.974478911025045,3,0,0,1,0,1
Residence Henri IV,9.1,9.338011695906433,454.0,67.0,11.748538011695906,28.859649122807017,8.608187134502923,48.8481917,2.3490316,0.411243851018974,521.0,6.257667587882639,2,1,0,1,0,1
Ritz Paris,9.8,9.725,122.0,21.0,10.785714285714286,22.214285714285715,9.178571428571429,48.8679466,2.3289593,0.33613445378151263,143.0,4.969813299576001,2,1,-1,3,0,1
Rocco Forte Brown s Hotel,9.1,9.104081632653061,127.0,22.0,13.142857142857142,13.122448979591837,6.8979591836734695,51.5090558,-0.1421661,-0.0007485029940119362,149.0,5.0106352940962555,2,1,-1,3,0,1
Rochester Champs Elysees,8.5,8.411409395973154,570.0,88.0,15.328859060402685,13.375838926174497,6.503355704697986,48.8724945,2.3091549,-0.0657478535924085,658.0,6.490723534502507,0,0,0,0,0,0
Roger de Ll ria,8.5,8.646875,596.0,79.0,13.09375,16.0625,7.40625,41.3910786,2.1717285,0.09844559585492228,675.0,6.516193076042964,0,1,0,1,0,1
Room Mate Aitana,8.8,8.903165938864628,4097.0,550.0,16.050218340611355,19.37336244541485,11.324235807860262,52.3846059,4.8941866,0.09123606282220355,4647.0,8.444192298531748,3,1,-1,1,0,1
Room Mate Anna,9.1,9.153242320819112,1286.0,124.0,13.924914675767917,25.450511945392492,8.26962457337884,41.3929366,2.1653954,0.2854606931530009,1410.0,7.252053951852814,2,1,0,1,0,1
Room Mate Carla,8.9,8.983406113537118,1257.0,122.0,17.37117903930131,24.53711790393013,9.056768558951966,41.3962658,2.1662153,0.16700590270710358,1379.0,7.22983877815125,2,1,0,1,0,1
Room Mate Gerard,9.0,8.692857142857143,67.0,15.0,20.357142857142858,25.785714285714285,4.785714285714286,41.3919114,2.1765438,0.11515151515151513,82.0,4.418840607796598,2,0,-1,3,0,1
Room Mate Giulia,9.3,9.395969289827256,2011.0,254.0,11.547024952015356,22.708253358925145,8.186180422264876,45.4651371,9.1895249,0.3165831881533101,2265.0,7.725771441587952,2,1,0,1,0,1
Roomz Vienna,8.1,8.518367346938774,568.0,36.0,12.714285714285714,18.122448979591837,14.081632653061224,,,0.1698717948717949,604.0,6.405228458030842,3,0,-1,3,0,1
Rosa Grand Milano Starhotels Collezione,8.6,8.42703804347826,4000.0,563.0,16.088315217391305,12.69429347826087,8.217391304347826,45.4638223,9.1940273,-0.11395985401459857,4563.0,8.425954710981966,0,0,0,0,0,0
Rosewood London,9.4,9.44897435897436,1008.0,256.0,11.966666666666667,20.956410256410255,7.851282051282051,51.5173303,-0.1180966,0.26500377928949354,1264.0,7.142827401161621,2,1,-1,1,0,1
Royal Amsterdam Hotel,7.4,7.466666666666666,627.0,76.0,20.64814814814815,13.265432098765432,6.049382716049383,52.3657281,4.8972883,-0.21145685997171146,703.0,6.556778356158042,1,0,-1,0,0,0
Royal Garden Champs Elysees,7.3,7.0509900990099,1125.0,115.0,23.004950495049506,13.608910891089108,6.069306930693069,48.8757155,2.3038781,-0.24980257962621746,1240.0,7.123672785204607,1,0,-1,3,0,0
Royal Garden Hotel,8.8,8.822196796338673,2213.0,617.0,15.50228832951945,16.120137299771166,8.829519450800916,51.5027022,-0.1882164,0.018939393939393926,2830.0,7.9483852851118995,3,1,-1,1,0,1
Royal Hotel Champs Elys es,7.9,7.73904761904762,983.0,146.0,18.98095238095238,12.057142857142857,5.480952380952381,48.8740463,2.300196,-0.21611177170035673,1129.0,7.029972911706386,1,0,0,0,0,0
Royal Passeig de Gracia,8.6,8.636387434554974,3823.0,393.0,15.934554973821989,16.456806282722514,7.057591623036649,41.3946775,2.162638,0.01564031202226496,4216.0,8.34687925374656,0,0,0,0,0,0
Royal Ramblas,8.4,8.248891966759002,3340.0,415.0,14.445983379501385,14.477839335180056,6.009695290858725,41.3842838,2.1707092,0.0010645683869474742,3755.0,8.231109840328154,0,0,0,0,0,0
Royal Saint Honore,8.6,8.60735294117647,667.0,80.0,11.705882352941176,17.50735294117647,6.117647058823529,48.8658792,2.3298903,0.19201752251156004,747.0,6.617402977974478,0,1,0,1,0,1
Royal Saint Michel,8.0,8.200704225352112,1193.0,120.0,19.007042253521128,20.443661971830984,6.450704225352113,48.8528364,2.3440803,0.03551532033426177,1313.0,7.1808311990445555,0,0,0,0,0,0
Rubens At The Palace,8.7,8.890588235294118,1449.0,332.0,13.912418300653595,21.58823529411765,5.363398692810457,51.4981471,-0.1436492,0.21029259033771444,1781.0,7.485491608030754,0,1,-1,1,0,1
Rydges Kensington Hotel,8.1,8.211895161290322,1057.0,205.0,21.10483870967742,17.094758064516128,5.360887096774194,51.4956883,-0.1827878,-0.10229902792778896,1262.0,7.141245122350491,0,0,0,0,0,0
STRAF a Member of Design Hotels ,8.3,8.368699186991869,1062.0,112.0,17.19918699186992,13.55691056910569,8.658536585365853,45.465237,9.191247,-0.11469534050179211,1174.0,7.069023426578259,0,0,0,0,0,0
Saint Georges Hotel,7.5,7.406868131868132,2092.0,368.0,20.701923076923077,13.115384615384615,8.207417582417582,51.517839,-0.1424476,-0.21789560894780446,2460.0,7.8083230503910555,1,0,-1,0,0,0
Saint James Albany Paris Hotel Spa,8.0,7.951142857142857,2868.0,297.0,24.174285714285713,16.07857142857143,7.13,48.8642689,2.3308179,-0.19624614745299024,3165.0,8.060224240440958,1,0,0,0,0,0
Saint SHERMIN bed breakfast champagne,9.0,9.045121951219512,651.0,66.0,16.8109756097561,22.548780487804876,13.567073170731707,48.1978409,16.367087,0.14216649040640572,717.0,6.576469569048224,3,0,-1,1,0,1
Sall s Hotel Pere IV,7.9,7.938506876227898,3130.0,252.0,25.471512770137526,19.33005893909627,5.243614931237721,41.3969273,2.192267,-0.1340882769270364,3382.0,8.12651816878071,1,0,0,0,0,0
San Domenico House,9.0,8.883606557377048,317.0,76.0,15.360655737704919,15.827868852459016,9.459016393442623,51.4917798,-0.1616049,0.014514896867838,393.0,5.976350909297934,2,1,-1,0,0,1
Sanderson A Morgans Hotel,9.0,9.086111111111112,886.0,260.0,15.50925925925926,17.824074074074073,9.981481481481481,51.5174853,-0.1372109,0.06742179072276155,1146.0,7.044905117129371,3,1,0,1,0,1
Sansi Diputacio,7.8,7.863157894736842,338.0,27.0,24.912280701754387,13.12280701754386,9.947368421052632,41.3882234,2.1644551,-0.3020224719101124,365.0,5.902633333401366,1,0,-1,3,0,0
Sansi Pedralbes,8.4,8.373333333333333,274.0,23.0,23.3,17.633333333333333,6.233333333333333,41.39367,2.1115418,-0.13513513513513514,297.0,5.697093486505405,0,0,-1,0,0,0
Savoy Hotel Amsterdam,6.4,6.0094650205761315,995.0,114.0,37.46913580246913,12.279835390946502,5.633744855967078,52.3497431,4.8911908,-0.4963509568602011,1109.0,7.01211529430638,1,0,-1,3,4,0
Schlosshotel R mischer Kaiser,8.9,9.145514950166113,1350.0,135.0,11.289036544850498,22.760797342192692,10.169435215946844,48.2040859,16.3725046,0.3272985781990521,1485.0,7.303843225277705,2,1,-1,1,0,1
Select Hotel,8.9,8.961328125,1145.0,118.0,16.1796875,23.30078125,7.52734375,48.8483053,2.3425596,0.17591431052783943,1263.0,7.142036574706803,2,1,0,1,0,1
Senato Hotel Milano,9.0,8.847549019607843,1031.0,116.0,15.352941176470589,22.357843137254903,7.303921568627451,45.4714062,9.1965303,0.18095479295935168,1147.0,7.045776576879511,2,1,0,1,0,1
Senator Barcelona Spa Hotel,7.7,7.621441124780317,3097.0,298.0,22.992970123022847,16.40597539543058,5.961335676625659,41.3777977,2.1135971,-0.16304867968851955,3395.0,8.130353547431238,1,0,0,0,0,0
Senator Hotel Vienna,8.1,7.940833333333333,2718.0,175.0,20.0125,18.016666666666666,8.783333333333333,48.2195864,16.3255339,-0.05113697021458311,2893.0,7.970394907191429,0,0,0,1,0,0
Seraphine Kensington Gardens Hotel,7.4,7.453870967741935,597.0,98.0,25.43548387096774,15.0,6.674193548387096,51.5021027,-0.187901,-0.2518489684702218,695.0,6.54534966033442,1,0,-1,0,0,0
Sercotel Amister Art Hotel Barcelona,8.5,8.47875,591.0,58.0,21.375,24.3125,7.15,41.3844072,2.1514584,0.06291834002677377,649.0,6.476972362889683,0,1,0,0,0,1
Seven Hotel,8.5,8.645833333333334,467.0,31.0,12.5,20.0,6.145833333333333,48.8389823,2.3455528,0.22388059701492538,498.0,6.212606095751519,2,1,0,1,0,1
Shaftesbury Hyde Park International,8.0,7.961904761904761,2907.0,545.0,20.10689990281827,17.234207968901845,5.618075801749272,51.5123968,-0.186124,-0.07492459382049531,3452.0,8.146998697389993,0,0,0,0,0,0
Shaftesbury Metropolis London Hyde Park,7.7,7.685479452054794,2867.0,636.0,20.642009132420092,14.847488584474887,5.740639269406393,51.5166887,-0.1706147,-0.15879967964761238,3503.0,8.161660452056282,1,0,0,0,0,0
Shaftesbury Premier London Paddington,7.3,7.224385510996119,3609.0,791.0,25.228331177231567,12.089909443725745,5.690815006468306,51.5153672,-0.1783271,-0.3428764348413234,4400.0,8.38958706681109,1,0,-1,0,0,0
Shaftesbury Suites London Marble Arch,8.1,8.014532871972317,800.0,151.0,19.197231833910035,13.16955017301038,6.730103806228374,51.515755,-0.1603335,-0.18064917556776938,951.0,6.858565034791365,1,0,0,0,0,0
Shangri La Hotel Paris,9.3,9.102173913043478,174.0,38.0,14.76086956521739,18.282608695652176,8.717391304347826,48.8637135,2.2934759,0.10344827586206905,212.0,5.3612921657094255,2,1,-1,3,0,1
Shangri La Hotel at The Shard London,9.4,9.368553459119498,2200.0,732.0,14.444743935309972,18.13477088948787,4.895777178796047,51.5044972,-0.0855562,0.10988922780542629,2932.0,7.983781068977451,2,1,-1,0,0,1
Shepherd s Bush Boutique Hotel,8.0,8.040489642184557,1069.0,227.0,22.971751412429377,18.45386064030132,7.450094161958568,51.5054544,-0.2262216,-0.10648970170454541,1296.0,7.167809184316444,0,0,0,0,0,0
Sheraton Diana Majestic,7.9,7.622891566265061,393.0,47.0,17.313253012048193,14.156626506024097,9.518072289156626,45.4736557,9.2066824,-0.09721706864564007,440.0,6.089044875446846,1,0,-1,3,0,0
Sheraton Grand London Park Lane,8.1,7.947826086956522,376.0,91.0,24.382608695652173,11.339130434782609,7.4,51.5092876,-0.1370062,-0.35519772673454886,467.0,6.148468295917647,1,0,-1,3,0,0
Silken Concordia,8.2,8.221518987341772,1034.0,110.0,24.151898734177216,17.955696202531644,6.550632911392405,41.3747873,2.1611846,-0.14373807076787554,1144.0,7.0431599159883405,0,0,0,0,0,0
Silken Gran Hotel Havana,8.5,8.733333333333333,1354.0,156.0,16.957894736842107,19.217543859649123,6.014035087719298,41.3927101,2.1722139,0.060783388390750294,1510.0,7.32052696227274,0,0,0,0,0,1
Silken Ramblas,7.9,7.80925,1949.0,184.0,21.1175,14.0275,8.6775,41.3830117,2.1700699,-0.19615437819892104,2133.0,7.665753431861699,1,0,1,0,0,0
Simm s Hotel,8.5,8.680434782608696,849.0,45.0,14.293478260869565,19.391304347826086,10.793478260869565,48.1790835,16.4116997,0.14697586963334378,894.0,6.796823718274855,3,1,0,1,0,1
Simply Rooms Suites,7.7,7.639130434782609,226.0,53.0,18.026086956521738,12.756521739130434,4.869565217391305,51.4944875,-0.2070605,-0.1658002735978112,279.0,5.634789603169249,1,0,-1,3,0,0
Sina De La Ville,8.2,8.175457875457877,1718.0,153.0,16.153846153846153,14.765567765567766,10.714285714285714,45.465957,9.192297,-0.04349322928620606,1871.0,7.534762657037537,3,0,0,1,0,0
Sina The Gray,8.3,8.141935483870968,346.0,44.0,18.225806451612904,13.268817204301076,8.53763440860215,45.4655368,9.1914986,-0.15254798146922566,390.0,5.968707559985366,0,0,-1,0,0,0
Sir Adam Hotel,9.0,8.877570093457944,361.0,48.0,18.700934579439252,30.05607476635514,7.121495327102804,52.3840358,4.9028572,0.22821187077385427,409.0,6.016157159698354,2,1,0,1,0,1
Sir Albert Hotel,8.8,8.879402985074627,1068.0,181.0,17.617910447761194,24.31641791044776,8.238805970149254,52.3544507,4.8875036,0.156017520684141,1249.0,7.1308988302963465,2,1,0,1,0,1
Sixtytwo Hotel,9.2,9.312446351931332,1010.0,129.0,7.497854077253219,23.660944206008583,9.84549356223176,41.3930168,2.1646148,0.5026024289336714,1139.0,7.038783541388542,2,1,0,1,0,1
Sloane Square Hotel,8.2,8.256926406926407,1140.0,279.0,17.816017316017316,14.175324675324676,7.3441558441558445,51.4927325,-0.1573708,-0.11035297205091193,1419.0,7.258412150595307,0,0,0,0,0,0
Small Luxury Hotel Altstadt Vienna,9.3,9.415606936416186,664.0,69.0,10.554913294797688,31.063583815028903,7.872832369942197,48.2047761,16.3512515,0.4812152448121524,733.0,6.598509028614515,2,1,-1,1,0,1
Snob Hotel by Elegancia,9.0,9.133333333333333,246.0,18.0,19.233333333333334,26.483333333333334,6.7,48.8622723,2.3495707,0.15519086692829112,264.0,5.579729825986222,2,1,0,0,0,1
Sofitel Legend The Grand Amsterdam,9.2,9.253846153846155,870.0,144.0,10.753846153846155,17.31282051282051,8.01025641025641,52.370835,4.895403,0.22565278757939303,1014.0,6.922643891475888,2,1,0,1,0,1
Sofitel London St James,9.2,9.223863636363635,1284.0,240.0,14.139204545454545,18.957386363636363,8.073863636363637,51.5076044,-0.132266,0.1413097817030495,1524.0,7.329749689041512,2,1,0,0,0,1
Sofitel Paris Arc De Triomphe,8.8,8.713402061855671,825.0,143.0,15.329896907216495,18.70618556701031,8.556701030927835,48.8751845,2.3013214,0.09636604384287183,968.0,6.876264611890766,2,1,0,1,0,1
Sofitel Paris Baltimore Tour Eiffel,8.3,8.164227642276423,420.0,68.0,25.804878048780488,13.910569105691057,5.837398373983739,48.8663089,2.289609,-0.2921325878594249,488.0,6.192362489474872,0,0,-1,3,0,0
Sofitel Paris Le Faubourg,8.5,8.543065693430657,564.0,91.0,14.751824817518248,17.2992700729927,7.445255474452555,48.868414,2.3213247,0.0770759717314488,655.0,6.486160788944089,0,1,0,0,0,1
Sofitel Vienna Stephansdom,9.0,8.990340909090909,1148.0,137.0,15.448863636363637,18.02840909090909,9.704545454545455,48.212857,16.37986,0.07481872116018454,1285.0,7.1592919047975645,3,1,0,1,0,1
South Place Hotel,9.3,9.267177914110428,769.0,235.0,17.039877300613497,24.773006134969325,7.306748466257669,51.5189182,-0.0866009,0.1806262090707172,1004.0,6.912742820493176,2,1,0,0,0,1
Splendid Etoile,8.9,9.14251968503937,486.0,75.0,9.433070866141732,20.95275590551181,8.464566929133857,48.874707,2.2936761,0.36703462117410945,561.0,6.331501849893691,2,1,0,1,0,1
Splendide Royal Paris,9.4,9.35,59.0,7.0,12.125,29.0,6.0625,48.8709627,2.3154141,0.40059347181008903,66.0,4.204692619390966,2,1,-1,3,0,1
St Ermin s Hotel Autograph Collection,8.9,8.875781250000001,857.0,231.0,16.979166666666668,17.442708333333332,5.869791666666667,51.498905,-0.1339093,0.013086310836641604,1088.0,6.9930151229329605,0,1,0,0,0,1
St George Hotel,7.4,7.011475409836065,334.0,61.0,25.262295081967213,12.770491803278688,4.557377049180328,51.5182768,-0.1583511,-0.3200335993280135,395.0,5.981414211254481,1,0,-1,3,0,0
St George s Hotel Wembley,8.9,8.949587458745874,2274.0,540.0,17.230198019801982,20.075907590759076,5.45957095709571,51.5553678,-0.2864945,0.0742886682318478,2814.0,7.942717540573791,0,1,0,0,0,1
St James Court A Taj Hotel London,8.7,8.715024154589372,5394.0,1299.0,17.12512077294686,17.70048309178744,5.501932367149759,51.4986732,-0.1376867,0.016060087110128216,6693.0,8.808966881771273,0,0,-1,0,0,0
St James Hotel Club Mayfair,8.7,8.611851851851851,363.0,92.0,21.814814814814813,15.244444444444444,9.874074074074073,51.5061587,-0.1402803,-0.1726352666407162,455.0,6.1224928095143865,3,0,-1,3,0,1
St Martins Lane A Morgans Original,9.0,9.073577235772357,1241.0,338.0,14.170731707317072,18.524390243902438,8.871951219512194,51.5104696,-0.1265824,0.12920738327904452,1579.0,7.365180126021013,2,1,0,1,0,1
St Pancras Renaissance Hotel London,8.8,8.731473408892764,2058.0,522.0,21.49433304272014,16.40976460331299,6.525719267654751,51.5267769,-0.1324905,-0.13069493310624566,2580.0,7.855932199718614,0,0,-1,0,0,0
St Paul s Hotel,9.0,8.961942257217848,812.0,204.0,15.178477690288714,22.669291338582678,8.335958005249344,51.4934752,-0.2153256,0.19282480913451794,1016.0,6.92461239604856,2,1,0,1,0,1
Starhotels Anderson,8.7,8.765714285714285,2698.0,264.0,18.853061224489796,19.757142857142856,11.975510204081633,45.4852549,9.2069501,0.022824462878046244,2962.0,7.993957547573565,3,0,-1,1,0,1
Starhotels Business Palace,8.1,7.710714285714285,5265.0,269.0,22.158730158730158,16.27777777777778,9.382936507936508,45.43784,9.230901,-0.14912457234856105,5534.0,8.618846845142738,1,0,-1,1,0,0
Starhotels Echo,8.9,8.923271500843171,3774.0,379.0,13.048903878583474,18.671163575042158,8.123102866779089,45.4847398,9.2072916,0.17182909859300108,4153.0,8.331827004436057,3,1,0,1,0,1
Starhotels Ritz,8.1,7.927871362940275,4248.0,353.0,18.571209800918837,16.511485451761104,9.791730474732006,45.4779041,9.2094965,-0.0570834394363806,4601.0,8.434246270595311,3,0,-1,1,0,0
Starhotels Tourist,8.5,8.325000000000001,2135.0,108.0,18.745689655172413,20.375,12.818965517241379,45.5266395,9.2131549,0.04061022776106578,2243.0,7.716015266642587,3,0,2,1,0,0
Staunton Hotel B B,8.3,8.399999999999999,615.0,111.0,14.580645161290322,16.266129032258064,6.173387096774194,51.520378,-0.1303414,0.05292479108635098,726.0,6.588926477533519,0,0,0,0,0,0
Staybridge Suites London Stratford,9.2,9.204693877551021,945.0,248.0,13.687755102040816,19.43265306122449,5.622448979591836,51.5426351,-0.0073272,0.16837131407380823,1193.0,7.085064293952548,2,1,0,0,0,1
Staybridge Suites London Vauxhall,9.2,9.318852459016394,742.0,94.0,8.87295081967213,24.09016393442623,9.401639344262295,51.4891226,-0.1205639,0.4480511644744782,836.0,6.729824070489475,2,1,0,1,0,1
Steigenberger Hotel Herrenhof,9.0,9.060460652591171,2873.0,342.0,13.489443378119002,16.915547024952016,10.449136276391554,48.2097958,16.3658705,0.10909424275760908,3215.0,8.075893630298857,3,1,0,1,0,1
Strand Palace Hotel,8.1,8.128853383458647,9568.0,2288.0,18.018562030075188,13.368656015037594,6.273261278195489,51.5110993,-0.1208673,-0.14357225769007545,11856.0,9.380673689458071,0,0,-1,0,0,0
Strandhotel Alte Donau,9.1,9.126829268292683,216.0,14.0,12.0,21.70731707317073,10.878048780487806,48.2390022,16.4292329,0.2796907940969782,230.0,5.442417710521793,2,1,-1,1,0,1
Style Hotel,7.7,7.985714285714286,305.0,23.0,18.257142857142856,16.214285714285715,9.014285714285714,45.4708973,9.1840992,-0.05759162303664916,328.0,5.796057750765372,1,0,-1,3,0,0
Suite Hotel 900 m zur Oper,8.0,8.02118451025057,3461.0,260.0,17.984054669703873,17.68109339407745,10.37129840546697,48.1935235,16.3669145,-0.008262922465208723,3721.0,8.222016437202196,3,0,-1,1,0,0
Suites H tel Helzear Champs Elys es,8.2,8.248017621145374,965.0,112.0,21.030837004405285,18.440528634361232,7.563876651982379,48.8691399,2.2981024,-0.06400348318275825,1077.0,6.982862751468942,0,0,0,0,0,0
Suites H tel Helzear Montparnasse,8.1,7.865384615384615,544.0,24.0,35.23076923076923,22.73076923076923,5.371794871794871,48.8346811,2.3255098,-0.21200260926288328,568.0,6.343880434126331,1,0,0,0,0,0
Sunotel Central,8.2,8.2296875,3870.0,325.0,19.5921875,18.81875,9.6421875,41.3841429,2.1616896,-0.01962494548626254,4195.0,8.341886969516187,3,0,0,1,0,0
Sunotel Club Central,8.2,8.184039900249378,2836.0,230.0,18.71072319201995,20.049875311720697,9.907730673316708,41.38793,2.1568061,0.033680381334671286,3066.0,8.028455164114252,3,0,0,1,0,0
Swiss tel Amsterdam,8.5,8.616265060240965,2756.0,451.0,14.865060240963855,17.814457831325303,6.949397590361446,52.3735266,4.8933041,0.08757244043786228,3207.0,8.073402968986406,0,0,0,0,0,1
Sydney House Chelsea,8.7,8.696511627906975,585.0,144.0,15.228682170542635,17.600775193798448,7.72093023255814,51.4910062,-0.1717691,0.07011915673693857,729.0,6.593044534142437,0,1,0,0,0,1
TH Street Duomo,8.2,7.6000000000000005,172.0,15.0,30.0,15.696969696969697,9.06060606060606,45.4657568,9.1916674,-0.3062946138870863,187.0,5.236441962829949,1,0,-1,3,0,0
TRYP Paris Op ra,7.8,7.964788732394366,414.0,30.0,17.802816901408452,13.901408450704226,5.816901408450704,48.8713619,2.3426375,-0.11929371231696814,444.0,6.09807428216624,1,0,0,3,0,0
TWO Hotel Barcelona by Axel 4 Sup Adults Only,8.8,8.638122605363986,2336.0,185.0,19.026819923371647,19.296934865900383,13.666666666666666,41.37913,2.1561186,0.006869001802504015,2521.0,7.8328075165248645,3,0,-1,1,0,1
Taj 51 Buckingham Gate Suites and Residences,9.5,9.554887218045112,310.0,81.0,7.398496240601504,22.2406015037594,6.7894736842105265,51.498861,-0.1374897,0.4844171779141105,391.0,5.971261839790462,2,1,-1,1,0,1
Ten Manchester Street Hotel,8.8,8.848165137614679,478.0,140.0,15.036697247706423,17.325688073394495,10.36697247706422,51.5188,-0.153839,0.06860992712773269,618.0,6.428105272684596,3,1,0,1,0,1
Terrass H tel Montmartre by MH,9.0,9.276616915422885,707.0,81.0,13.427860696517413,23.81592039800995,6.233830845771144,48.8865626,2.3329648,0.271627422921816,788.0,6.670766320845874,2,1,0,1,0,1
The Abbey Court Notting Hill,7.8,7.8788888888888895,322.0,43.0,18.855555555555554,19.2,7.511111111111111,51.5101401,-0.1968951,0.008819345661450938,365.0,5.902633333401366,1,0,-1,3,0,0
The Academy,7.8,7.890697674418605,612.0,122.0,25.6046511627907,17.45736434108527,8.62015503875969,51.5205441,-0.1308091,-0.1849049964813512,734.0,6.5998704992128365,1,0,-1,3,0,0
The Ampersand Hotel,9.1,9.185340314136127,902.0,220.0,14.497382198952879,19.81413612565445,6.439790575916231,51.4943077,-0.1755579,0.15056712877159167,1122.0,7.023758954738443,2,1,0,0,0,1
The Arch London,9.1,9.239267015706806,521.0,133.0,8.910994764397905,19.43455497382199,8.722513089005236,51.5159214,-0.1598794,0.3586083853702052,654.0,6.484635235635252,2,1,0,1,0,1
The Athenaeum,8.1,7.978306878306879,364.0,105.0,21.772486772486772,17.51851851851852,9.994708994708995,51.504716,-0.1475618,-0.10558108995403806,469.0,6.152732694704104,3,0,-1,3,0,0
The Bailey s Hotel London,8.7,8.694106090373282,2485.0,528.0,18.490176817288802,19.610019646365423,6.522593320235757,51.4938733,-0.1824963,0.028640337654507082,3013.0,8.01102337918644,0,0,0,0,0,1
The Beaufort,8.8,8.834761904761905,510.0,124.0,13.833333333333334,16.409523809523808,7.5095238095238095,51.4978466,-0.164156,0.08245694253924701,634.0,6.453624998892692,2,1,0,0,0,1
The Beaumont Hotel,9.4,9.490833333333335,334.0,88.0,10.241666666666667,18.166666666666668,8.266666666666667,51.513055,-0.152257,0.2694814395012752,422.0,6.0473721790462776,2,1,0,1,0,1
The Belgrave Hotel,8.6,8.753396029258099,2685.0,391.0,15.554858934169278,19.04284221525601,6.914315569487983,51.4901051,-0.1381355,0.09798338568115775,3076.0,8.031710375322042,0,0,0,0,0,1
The Berkeley,9.1,9.064,232.0,70.0,15.53,14.0,8.0,51.5020912,-0.1577795,-0.05011464133639041,302.0,5.713732805509369,2,1,-1,0,0,1
The Bloomsbury Hotel,9.0,9.06096654275093,1254.0,300.0,16.9182156133829,18.808550185873607,6.656133828996283,51.5171671,-0.1290534,0.051470216104053904,1554.0,7.349230824613334,2,1,0,0,0,1
The Bryson Hotel,7.8,7.808461538461539,264.0,68.0,23.93076923076923,17.73846153846154,5.992307692307692,51.5220869,-0.1082443,-0.14512349017486925,332.0,5.808142489980444,1,0,0,0,0,0
The Capital,9.0,9.061379310344828,355.0,87.0,10.089655172413794,15.524137931034483,9.344827586206897,51.4997486,-0.1615242,0.20419797875097173,442.0,6.093569770045136,2,1,0,1,0,1
The Cavendish London,8.8,8.888701923076923,1039.0,243.0,14.98798076923077,16.790865384615383,5.206730769230769,51.5077459,-0.1378733,0.055001466705778754,1282.0,7.1569563646156364,0,1,0,0,0,1
The Chamberlain,8.9,9.035294117647059,2543.0,465.0,12.662538699690403,22.8390092879257,9.141382868937049,51.5122457,-0.0757326,0.2787955894826124,3008.0,8.009363076630045,2,1,0,1,0,1
The Chelsea Harbour Hotel,8.6,8.568727272727273,1032.0,326.0,17.29090909090909,14.134545454545455,6.450909090909091,51.4756558,-0.1813888,-0.0973421554334417,1358.0,7.214504414151143,0,0,0,0,0,0
The Chess Hotel,8.7,8.929787234042553,1005.0,99.0,15.408510638297873,19.22553191489362,12.340425531914894,48.8716017,2.3349768,0.10711726773346074,1104.0,7.007600613951853,3,0,-1,1,0,1
The Chesterfield Mayfair,9.1,9.237136929460581,1166.0,252.0,10.020746887966805,21.224066390041493,7.8962655601659755,51.5076899,-0.1471358,0.3474456311928967,1418.0,7.257707677160043,2,1,0,1,0,1
The Cleveland,8.2,8.216262975778546,909.0,153.0,18.173010380622838,21.78892733564014,8.719723183391004,51.5139692,-0.1828202,0.08827504646055076,1062.0,6.968850378341948,0,0,0,1,0,0
The College Hotel,8.3,8.24640522875817,561.0,72.0,28.333333333333332,17.30065359477124,5.718954248366013,52.3527675,4.88373,-0.2365802382620883,633.0,6.452048954437226,0,0,0,0,0,0
The Colonnade,7.8,7.668656716417911,391.0,80.0,21.80597014925373,18.870646766169155,7.08955223880597,51.5243286,-0.1846623,-0.07043094186462932,471.0,6.156978985585555,1,0,-1,3,0,0
The Connaught,9.3,9.28888888888889,147.0,53.0,16.155555555555555,14.644444444444444,5.666666666666667,51.5101556,-0.1496314,-0.047519217330538085,200.0,5.303304908059076,2,1,-1,3,0,1
The Corner Hotel,9.3,9.420388349514562,460.0,53.0,12.883495145631068,26.805825242718445,7.776699029126213,41.3890578,2.1565948,0.34216177523264135,513.0,6.2422232654551655,2,1,0,1,0,1
The Cranley Hotel,7.8,7.698125,388.0,77.0,29.8625,16.88125,8.76875,51.4916378,-0.1832833,-0.27189422699306187,465.0,6.144185634125646,1,0,-1,3,0,0
The Cumberland A Guoman Hotel,7.5,7.347705914870094,5180.0,1190.0,19.92260917634052,10.801547816473189,6.275290215588723,51.514879,-0.1606501,-0.2875115440241161,6370.0,8.759511722116487,1,0,-1,0,0,0
The Curtain,9.1,8.883333333333333,59.0,18.0,32.63333333333333,21.733333333333334,4.066666666666666,51.5237209,-0.0806178,-0.19686935580975312,77.0,4.356708826689592,2,0,-1,3,0,1
The Dorchester Dorchester Collection,9.1,9.203555555555557,545.0,173.0,12.471111111111112,14.062222222222223,5.6755555555555555,51.5074007,-0.1524593,0.057788539144471344,718.0,6.577861357721047,2,1,-1,0,0,1
The Drayton Court Hotel,8.8,8.764705882352942,750.0,187.0,17.843989769820972,21.78005115089514,6.915601023017903,51.5141842,-0.3192925,0.09688995215311004,937.0,6.843749949006225,0,1,0,0,0,1
The Dylan Amsterdam,9.1,9.125,314.0,64.0,17.307692307692307,19.75,7.0576923076923075,52.3654686,4.8798713,0.06417382516422439,378.0,5.937536205082426,2,1,0,0,0,1
The Exhibitionist Hotel,8.4,8.35410447761194,1708.0,388.0,21.360696517412936,19.24502487562189,6.043532338308458,51.4947754,-0.177789,-0.05085049774296735,2096.0,7.64826303090192,0,0,0,0,0,0
The Franklin Hotel Starhotels Collezione,8.8,8.907142857142857,70.0,20.0,17.928571428571427,24.107142857142858,7.392857142857143,51.4960283,-0.1686355,0.1435684647302905,90.0,4.51085950651685,2,1,-1,3,0,1
The Gates Diagonal Barcelona,8.0,8.066898954703833,1725.0,144.0,25.26829268292683,19.041811846689896,7.034843205574913,41.4036219,2.1902808,-0.13741925561365737,1869.0,7.533693709848633,0,0,0,0,0,0
The Gore Hotel Starhotels Collezione,8.6,8.568330134357007,968.0,227.0,18.961612284069098,19.91362763915547,6.902111324376199,51.5001979,-0.1795357,0.023874849578820738,1195.0,7.086737934510577,0,0,0,0,0,1
The Goring,9.4,9.438235294117648,200.0,67.0,10.637254901960784,16.58823529411765,8.549019607843137,51.4975621,-0.145551,0.21083709621396324,267.0,5.5909869805108565,2,1,-1,0,0,1
The Grand at Trafalgar Square,8.3,8.316643929058664,1592.0,409.0,17.368349249658937,14.257844474761255,6.978171896316508,51.506935,-0.126012,-0.09533765419192981,2001.0,7.601901959875166,0,0,0,0,0,0
The Grosvenor,8.4,8.349769281476599,3274.0,838.0,21.43968358602505,16.391562294001318,5.386947923533289,51.4956657,-0.1452793,-0.1300015278320064,4112.0,8.321907968230423,0,0,0,0,0,0
The Guesthouse Vienna,9.4,9.483561643835616,951.0,155.0,10.092465753424657,25.84931506849315,7.986301369863014,48.2051299,16.369036,0.4265319365903402,1106.0,7.009408932708637,2,1,0,1,0,1
The Hari London,9.2,9.201276595744682,635.0,197.0,10.587234042553192,20.417021276595744,9.080851063829787,51.4973203,-0.1562558,0.3071400079776625,832.0,6.725033642166843,2,1,0,1,0,1
The Harmonie Vienna,9.2,9.249514563106796,1083.0,101.0,12.024271844660195,25.820388349514563,9.242718446601941,48.2199427,16.3598984,0.3551612096975756,1184.0,7.077498053569231,2,1,0,1,0,1
The Henrietta Hotel,9.2,9.185185185185185,49.0,11.0,9.11111111111111,14.962962962962964,4.37037037037037,51.5109079,-0.1238221,0.23338257016248157,60.0,4.110873864173311,2,1,-1,3,0,1
The Hoxton Amsterdam,9.3,9.433496332518338,1075.0,234.0,14.308068459657703,24.82151589242054,6.6332518337408315,52.3718665,4.8873794,0.2619874489733748,1309.0,7.177782416195197,2,1,0,0,0,1
The Hoxton Holborn,9.2,9.225298013245034,1740.0,421.0,12.418543046357616,20.794701986754966,6.51523178807947,51.5172398,-0.1220324,0.24482211296504194,2161.0,7.6787889981991535,2,1,0,1,0,1
The Hoxton Shoreditch,9.0,9.001325478645066,1732.0,524.0,15.923416789396171,18.156111929307805,5.815905743740795,51.5255136,-0.082927,0.06364666862588687,2256.0,7.721791776817535,0,1,0,0,0,1
The Hub Hotel,7.7,7.282051282051282,1160.0,42.0,26.102564102564102,16.474358974358974,10.14102564102564,45.5138582,9.1194759,-0.2209473374521918,1202.0,7.0925737159746784,1,0,-1,3,0,0
The Justin James Hotel,8.3,8.292692307692308,561.0,166.0,17.273076923076925,17.765384615384615,8.253846153846155,51.4202661,-0.211268,0.013660618996798244,727.0,6.590301048196686,0,0,0,0,0,0
The Kensington Hotel,8.7,8.72972972972973,874.0,212.0,16.036036036036037,16.195195195195197,4.378378378378378,51.4925478,-0.1780611,0.004789445147298038,1086.0,6.99117688712121,0,0,0,0,0,1
The Kings Head Hotel,8.9,9.036046511627907,200.0,39.0,16.848837209302324,25.162790697674417,5.395348837209302,51.5079153,-0.2730145,0.1932954852662882,239.0,5.480638923341991,2,1,6,1,0,1
The LaLit London,9.3,9.212903225806452,136.0,46.0,20.306451612903224,25.919354838709676,7.870967741935484,51.5032524,-0.078179,0.11885245901639346,182.0,5.209486152841421,2,1,-1,3,0,1
The Lanesborough,9.4,9.429032258064517,64.0,18.0,10.0,15.64516129032258,4.064516129032258,51.50303,-0.15242,0.211864406779661,82.0,4.418840607796598,2,1,-1,3,0,1
The Langham London,9.3,9.274776386404294,1276.0,375.0,12.395348837209303,19.547406082289804,8.423971377459749,51.517876,-0.1440647,0.21710562041813736,1651.0,7.409741954080923,2,1,0,1,0,1
The Laslett,8.9,8.8684,623.0,149.0,19.912,19.588,6.28,51.5095259,-0.1967234,-0.007999999999999952,772.0,6.650279048587422,0,1,0,0,0,1
The Leonard Hotel,8.2,8.157701149425288,1330.0,256.0,17.8183908045977,14.908045977011493,9.37471264367816,51.5147071,-0.1578291,-0.08629268625178928,1586.0,7.369600720526409,3,0,0,1,0,0
The Levante Parliament A Design Hotel,8.4,8.37830985915493,1958.0,207.0,19.71549295774648,16.738028169014086,9.926760563380281,48.2083518,16.354532,-0.07949759326113116,2165.0,7.680637427560936,3,0,0,1,0,0
The Level at Melia Barcelona Sky,8.6,8.44090909090909,94.0,16.0,25.727272727272727,24.318181818181817,8.0,41.406146,2.2008636,-0.027604630454140713,110.0,4.709530201312334,2,0,-1,3,0,1
The Levin Hotel,9.1,9.373015873015873,154.0,37.0,11.571428571428571,18.19047619047619,6.714285714285714,51.4998574,-0.161717,0.2151702786377709,191.0,5.2574953720277815,2,1,-1,3,0,1
The Lodge Hotel Putney,8.2,8.107070707070708,525.0,144.0,22.39057239057239,16.703703703703702,6.616161616161616,51.4572991,-0.2055425,-0.14183742022169973,669.0,6.507277712385012,0,0,0,0,0,0
The London EDITION,9.1,9.129078014184397,372.0,85.0,15.50354609929078,15.085106382978724,7.7304964539007095,51.5167472,-0.135965,-0.013246519982038598,457.0,6.126869184114185,2,1,0,0,0,1
The Mandeville Hotel,8.5,8.444444444444445,2300.0,495.0,15.825059101654846,14.894799054373522,8.89243498817967,51.5165165,-0.1509735,-0.029327370970747176,2795.0,7.935945103353701,3,0,0,1,0,0
The Marble Arch London,8.1,8.072014260249555,1567.0,365.0,17.4777183600713,13.454545454545455,7.734402852049911,51.5151247,-0.1600656,-0.1259908451490454,1932.0,7.566828479208331,0,0,0,0,0,0
The Marylebone Hotel,8.9,8.857016248153618,1738.0,411.0,16.530280649926144,17.76218611521418,5.404726735598228,51.5180207,-0.1500567,0.03490562089314866,2149.0,7.673223121121708,0,1,0,0,0,1
The May Fair Hotel,8.4,8.327875,1994.0,581.0,20.10125,14.875,4.98625,51.5078943,-0.1436707,-0.14526944859455893,2575.0,7.853993087224244,0,0,0,0,0,0
The Mirror Barcelona,8.6,8.69936305732484,711.0,75.0,15.445859872611464,22.331210191082803,8.579617834394904,41.3930406,2.1545393,0.17756241787122212,786.0,6.668228248417403,2,1,0,1,0,1
The Montague On The Gardens,9.3,9.3756038647343,931.0,196.0,10.88888888888889,22.55072463768116,7.120772946859903,51.520181,-0.1256957,0.33861691681862816,1127.0,7.028201432058005,2,1,0,1,0,1
The Montcalm At Brewery London City,8.8,8.762186788154898,2617.0,704.0,20.03872437357631,19.50721336370539,9.117691723614275,51.5208155,-0.0915319,-0.013108859716474169,3321.0,8.10832229017324,3,1,-1,1,0,1
The Montcalm Marble Arch,8.9,8.973232799245995,2752.0,687.0,12.461828463713477,18.426013195098964,8.207351555136663,51.5150522,-0.159239,0.18703632548103927,3439.0,8.143226750367445,2,1,0,1,0,1
The Nadler Kensington,9.0,9.009775967413443,1209.0,222.0,13.828920570264765,22.429735234215887,9.767820773930753,51.4931086,-0.190208,0.2308407128020116,1431.0,7.266827347520591,2,1,0,1,0,1
The Nadler Soho,9.0,9.155804480651732,1394.0,329.0,12.038696537678208,20.820773930753564,6.670061099796334,51.5147387,-0.1341108,0.2593684210526316,1723.0,7.452402451223638,2,1,0,1,0,1
The Nadler Victoria,9.3,9.312146422628953,1608.0,303.0,11.227953410981698,21.960066555740433,7.582362728785358,51.4990259,-0.1427453,0.3139144400642429,1911.0,7.555905093611346,2,1,0,1,0,1
The Ned,9.3,9.177431906614785,517.0,175.0,25.04669260700389,22.167315175097276,5.782101167315175,51.5135929,-0.0907833,-0.05972076507142282,692.0,6.541029999189903,2,1,-1,0,0,1
The One Barcelona GL,9.4,9.42235294117647,332.0,47.0,18.105882352941176,25.55294117647059,7.188235294117647,41.3961448,2.1631674,0.16675447839831406,379.0,5.940171252720432,2,1,-1,0,0,1
The Park City Grand Plaza Kensington Hotel,8.3,8.498297872340425,667.0,137.0,18.582978723404256,19.353191489361702,5.2893617021276595,51.4954976,-0.1893691,0.019781420765027296,804.0,6.690842277418564,0,0,0,0,0,0
The Park Grand London Paddington,7.7,7.711468926553672,4380.0,1058.0,21.88361581920904,15.41864406779661,4.966101694915254,51.5142184,-0.1809032,-0.1687882587211447,5438.0,8.60135049942296,1,0,0,0,0,0
The Park Tower Knightsbridge a Luxury Collection Hotel,8.2,8.034545454545455,901.0,302.0,17.189090909090908,9.4,7.385454545454546,51.5014191,-0.1625805,-0.2823250296559905,1203.0,7.093404625868766,1,0,0,0,0,0
The Pelham Starhotels Collezione,8.6,8.55667870036101,833.0,174.0,20.85198555956679,18.23826714801444,10.04332129963899,51.4943935,-0.1750169,-0.065195857721747,1007.0,6.915723448631314,3,0,0,1,0,1
The Piccadilly London West End,9.0,9.08382222222222,2298.0,531.0,11.690666666666667,20.53511111111111,8.279111111111112,51.5121957,-0.1318384,0.2661922469836004,2829.0,7.948031990637284,2,1,0,1,0,1
The Pillar Hotel,8.6,8.396039603960396,215.0,54.0,22.633663366336634,14.544554455445544,5.336633663366337,51.583236,-0.216868,-0.21187759336099588,269.0,5.598421958998375,0,0,-1,3,0,0
The Portobello Hotel,8.9,9.032323232323233,240.0,44.0,12.121212121212121,21.88888888888889,4.9393939393939394,51.512257,-0.2034244,0.2789959607616849,284.0,5.652489180268651,2,1,6,1,0,1
The Premier Notting Hill,7.3,7.3943123061013445,2215.0,371.0,29.12926577042399,16.351602895553256,6.0010341261633915,51.5127453,-0.1926437,-0.27490155071528694,2586.0,7.8582541821860294,1,0,5,0,0,0
The Principal London,8.0,8.029333333333334,3150.0,724.0,20.66456140350877,16.223859649122808,5.852631578947369,51.5226217,-0.1251602,-0.1172047193050693,3874.0,8.262300941787448,0,0,0,0,0,0
The Queens Gate Hotel,8.2,8.188939256572983,2516.0,524.0,18.460562103354487,16.99002719854941,7.212148685403445,51.4981225,-0.1799693,-0.04034324089043653,3040.0,8.019941687677365,0,0,0,0,0,0
The RE London Shoreditch,7.8,7.774468085106383,2147.0,688.0,21.529675251959688,14.343784994400895,6.704367301231803,51.531979,-0.061598,-0.19487973760932953,2835.0,7.950149887652018,1,0,0,0,0,0
The Rembrandt,8.5,8.594101123595506,1802.0,421.0,17.52949438202247,18.48174157303371,6.300561797752809,51.4959227,-0.1702917,0.025728597449908998,2223.0,7.707062655370473,0,0,0,0,0,0
The Ring Vienna s Casual Luxury Hotel,9.0,9.116190476190477,917.0,107.0,17.695238095238096,20.004761904761907,9.595238095238095,48.2017091,16.3710205,0.059677617817152716,1024.0,6.932447891572509,2,1,0,1,0,1
The Ritz Carlton Vienna,8.9,8.900833333333333,470.0,77.0,18.475,16.933333333333334,7.025,48.2022742,16.3762615,-0.04234378576333261,547.0,6.306275286948016,0,1,0,0,0,1
The Ritz London,9.3,9.416995073891625,831.0,220.0,11.879310344827585,18.517241379310345,5.431034482758621,51.5069446,-0.1415776,0.21142229544206484,1051.0,6.9584483932976555,2,1,0,0,0,1
The Rockwell,8.6,8.581159420289856,1470.0,275.0,19.356884057971016,21.532608695652176,7.576086956521739,51.4948059,-0.1926525,0.05193962721100205,1745.0,7.465082736399547,0,0,0,0,0,1
The Rookery,9.1,9.136015325670497,501.0,146.0,13.601532567049809,21.042145593869733,6.9272030651340994,51.520171,-0.102463,0.20874986563474152,647.0,6.473890696352274,2,1,0,1,0,1
The Royal Horseguards,8.9,8.922689938398358,2007.0,475.0,16.772073921971252,18.196098562628336,5.729979466119096,51.5054185,-0.1241499,0.0395912425427454,2482.0,7.817222785508166,0,1,0,0,0,1
The Royal Park Hotel,8.7,8.750684931506848,331.0,47.0,19.71917808219178,22.493150684931507,8.931506849315069,51.5142054,-0.1766098,0.06419400855920113,378.0,5.937536205082426,2,1,0,1,0,1
The Savoy,9.4,9.337962962962964,1021.0,315.0,14.218518518518518,18.65740740740741,5.898148148148148,51.5111922,-0.1194006,0.13103372874870173,1336.0,7.198183577101943,2,1,0,0,0,1
The Soho Hotel,9.5,9.597452229299362,385.0,107.0,10.821656050955413,20.681528662420384,7.45859872611465,51.5139805,-0.1337948,0.3033509700176368,492.0,6.20050917404269,2,1,0,1,0,1
The Square Milano Duomo,9.0,9.070824053452116,4192.0,493.0,10.998886414253898,18.119153674832962,11.1369710467706,45.4608604,9.1890215,0.23641203874879832,4685.0,8.452334619067742,3,1,-1,1,0,1
The Stafford London,9.1,9.059,492.0,139.0,19.015,19.19,9.76,51.5059087,-0.1403795,0.004463716362708856,631.0,6.448889394146858,2,1,0,0,0,1
The Student Hotel Amsterdam City,8.7,8.82024111675127,7656.0,975.0,17.1002538071066,24.138324873096447,5.624365482233503,52.3546649,4.9131641,0.16662660737892077,8631.0,9.06323150693797,0,0,-1,0,0,1
The Sumner Hotel,8.5,8.583834586466166,762.0,130.0,16.469924812030076,19.43984962406015,6.556390977443609,51.5152892,-0.160898,0.08046445304542678,892.0,6.794586580876499,0,0,0,0,0,1
The Tophams Hotel,6.6,6.48,411.0,60.0,29.57777777777778,11.45,4.938888888888889,51.4957436,-0.1477528,-0.4313284864507601,471.0,6.156978985585555,1,0,-1,3,4,0
The Toren,9.4,9.45575,948.0,197.0,9.195,25.395,3.96,52.3758754,4.8859642,0.4551840404608035,1145.0,7.044032897274685,2,1,-1,1,0,1
The Tower A Guoman Hotel,8.6,8.702625820568928,3486.0,950.0,16.5136761487965,15.576039387308533,5.072757111597374,51.5064721,-0.0716893,-0.028336198915487384,4436.0,8.39773375137891,0,0,0,0,0,0
The Trafalgar Hilton,8.1,8.071900826446281,784.0,169.0,21.83746556473829,13.396694214876034,4.983471074380165,51.507374,-0.129135,-0.2329506576446438,953.0,6.860663671448287,1,0,0,0,0,0
The Victoria,8.3,8.27037037037037,272.0,70.0,24.074074074074073,19.35185185185185,8.074074074074074,51.4611219,-0.2756216,-0.10629428928720298,342.0,5.8377304471659395,0,0,0,0,0,0
The Waldorf Hilton,8.4,8.339375,1479.0,409.0,23.37375,15.0125,4.22875,51.5131979,-0.1174504,-0.21228855247707007,1888.0,7.543802867501509,0,0,-1,0,0,0
The Wellesley Knightsbridge a Luxury Collection Hotel London,9.0,9.094805194805193,185.0,56.0,12.428571428571429,11.857142857142858,8.181818181818182,51.502485,-0.1539265,-0.022598870056497165,241.0,5.488937726156687,2,1,-1,3,0,1
The Westbourne Hyde Park,8.9,8.752363636363636,716.0,126.0,16.19272727272727,19.676363636363636,7.2727272727272725,51.5131074,-0.1778707,0.09448663576289577,842.0,6.736966958001855,2,1,0,1,0,1
The Westbridge Hotel,9.0,8.983333333333333,1200.0,293.0,14.845238095238095,20.668367346938776,5.149659863945578,51.5373904,-0.0023367,0.1594783418723801,1493.0,7.309212365692763,2,1,0,1,0,1
The Westbury A Luxury Collection Hotel Mayfair London,8.2,8.140138408304498,715.0,164.0,18.304498269896193,11.53287197231834,7.463667820069205,51.5144418,-0.146432,-0.21959156193895868,879.0,6.779921907472252,0,0,0,0,0,0
The Westin Palace,8.5,8.317415730337078,736.0,116.0,16.1123595505618,14.5561797752809,9.207865168539326,45.4790357,9.199028,-0.049139613269469584,852.0,6.748759547491679,3,0,0,1,0,0
The Westin Paris Vend me,8.1,7.816216216216216,380.0,71.0,18.83783783783784,12.621621621621621,8.9009009009009,48.8657394,2.3274415,-0.1915070774354705,451.0,6.113682179832232,1,0,-1,3,0,0
The Whitechapel,7.6,7.634824281150159,830.0,187.0,20.54632587859425,15.776357827476039,4.875399361022364,51.5161286,-0.0624458,-0.12780345831193288,1017.0,6.925595197110468,1,0,-1,0,0,0
The Wittmore Adults Only,9.4,9.42235294117647,217.0,43.0,14.658823529411764,28.2,7.858823529411764,41.380939,2.1796095,0.30874463519313305,260.0,5.564520407322694,2,1,-1,1,0,1
The Yard Milano,9.2,9.292817679558011,786.0,103.0,10.69060773480663,24.34254143646409,10.25414364640884,45.453152,9.179172,0.3788715118061944,889.0,6.7912214627261855,2,1,0,1,0,1
The Zetter Hotel,8.9,8.931638418079096,394.0,119.0,14.903954802259888,21.75141242937853,7.146892655367232,51.522672,-0.1036841,0.1818454613653413,513.0,6.2422232654551655,2,1,0,1,0,1
The Zetter Townhouse Clerkenwell,9.1,8.96774193548387,81.0,25.0,19.032258064516128,22.419354838709676,6.903225806451613,51.5231564,-0.1035134,0.07978723404255318,106.0,4.672828834461906,2,1,-1,3,0,1
The Zetter Townhouse Marylebone,9.3,9.391463414634147,180.0,45.0,12.317073170731707,18.682926829268293,9.060975609756097,51.514839,-0.1586656,0.19893292682926833,225.0,5.420534999272286,2,1,-1,3,0,1
TheWesley,8.0,8.024082363473589,2347.0,556.0,21.251566696508505,15.961504028648164,6.8701880035810206,51.5265353,-0.1361682,-0.13843594789616717,2903.0,7.973844375944687,0,0,0,0,0,0
Thistle Euston,8.3,8.263673805601318,2474.0,744.0,15.85502471169687,14.630971993410213,5.260296540362439,51.5291423,-0.1372782,-0.03887609878610302,3218.0,8.076826031298808,0,0,0,0,0,0
Thistle Holborn The Kingsley,8.5,8.55148095909732,1593.0,387.0,17.29901269393512,18.89280677009873,6.126939351198872,51.5179659,-0.1234343,0.04285335052523799,1980.0,7.591357046698551,0,0,0,0,0,0
Thistle Hyde Park,7.8,7.690301003344482,617.0,129.0,21.237458193979933,16.107023411371237,4.709030100334449,51.5112451,-0.1808938,-0.13379851722634103,746.0,6.616065185132817,1,0,0,0,0,0
Thistle Kensington Gardens,8.2,8.252668213457076,2134.0,466.0,16.185614849187935,16.854988399071924,5.924593967517401,51.5108439,-0.1839074,0.019663974372081887,2600.0,7.8636512654486515,0,0,0,0,0,0
Thistle Trafalgar Square The Royal Trafalgar,8.4,8.429122055674519,1193.0,266.0,17.23340471092077,14.19914346895075,6.477516059957173,51.509133,-0.130189,-0.09355605440380295,1459.0,7.286191714702382,0,0,0,0,0,0
Threadneedles Autograph Collection,8.8,8.81326530612245,390.0,132.0,14.392857142857142,17.153061224489797,5.908163265306122,51.5140208,-0.0854919,0.08480953127449446,522.0,6.259581464064923,2,1,0,0,0,1
Timhotel Op ra Blanche Fontaine,8.4,8.625806451612904,466.0,58.0,19.301075268817204,22.838709677419356,8.956989247311828,48.8825781,2.3334805,0.08200398803589236,524.0,6.263398262591624,3,1,0,1,0,1
Timhotel Op ra Grands Magasins,8.3,8.421518987341772,466.0,43.0,15.012658227848101,16.78481012658228,9.037974683544304,48.8794682,2.3334957,0.05403319181783097,509.0,6.234410725718371,3,1,0,1,0,1
TownHouse 12,8.1,7.875,370.0,26.0,24.171875,22.203125,12.375,45.4844028,9.1673528,-0.04155672823218998,396.0,5.983936280687191,3,0,-1,3,0,0
TownHouse 33,8.2,8.420338983050847,362.0,39.0,16.677966101694917,18.864406779661017,7.0508474576271185,45.4693349,9.2142383,0.05983302411873837,401.0,5.996452088619021,0,0,0,3,0,0
TownHouse Duomo,8.4,8.438235294117646,336.0,44.0,19.176470588235293,16.705882352941178,9.382352941176471,45.4648822,9.1893265,-0.0669856459330143,380.0,5.942799375126701,3,0,0,3,0,0
TownHouse Galleria,8.3,8.14967320261438,731.0,122.0,19.712418300653596,13.261437908496733,10.15032679738562,45.4657842,9.1895321,-0.1898807233551366,853.0,6.74993119378857,3,0,0,3,0,0
Trinit Haussmann,8.4,8.363934426229507,319.0,24.0,34.57377049180328,23.360655737704917,5.098360655737705,48.8800565,2.3342353,-0.19026425591098753,343.0,5.840641657373398,0,0,-1,3,0,0
Tryp Barcelona Apolo Hotel,7.8,7.4960893854748605,883.0,74.0,25.06145251396648,14.776536312849162,6.324022346368715,41.3747031,2.1707106,-0.2518467852257182,957.0,6.86484777797086,1,0,0,3,0,0
Tryp Barcelona Condal Mar Hotel,8.1,8.137,660.0,60.0,24.86,22.9,4.88,41.4126508,2.2090895,-0.04019688269073013,720.0,6.580639137284949,0,0,0,0,0,0
Twenty Nevern Square Hotel,8.3,8.323969072164948,1719.0,305.0,22.780927835051546,21.100515463917525,8.07860824742268,51.4915712,-0.1963192,-0.0374411393131963,2024.0,7.613324979540639,0,0,0,0,0,0
U232 Hotel,8.7,8.742424242424242,873.0,74.0,11.964646464646465,20.22222222222222,6.166666666666667,41.3895237,2.1490307,0.2488205752549079,947.0,6.854354502255021,2,1,0,1,0,1
UNA Hotel Century,8.6,8.681298701298703,2351.0,224.0,14.18961038961039,18.911688311688312,9.093506493506494,45.4841371,9.2001623,0.1384720846979968,2575.0,7.853993087224244,3,1,0,1,0,1
UNA Hotel Cusani,8.8,8.8375,1606.0,176.0,13.31060606060606,19.579545454545453,9.916666666666666,45.4684251,9.1834161,0.1849782049849111,1782.0,7.48605261786314,3,1,0,1,0,1
UNA Hotel Mediterraneo,8.2,7.858904109589042,1088.0,60.0,19.315068493150687,19.73972602739726,9.027397260273972,45.451873,9.20548,0.010601915184678488,1148.0,7.046647277848756,3,0,0,3,0,0
UNA Hotel Scandinavia,8.5,8.585294117647058,579.0,31.0,18.308823529411764,20.044117647058822,7.705882352941177,45.4859983,9.1637603,0.044095665171898335,610.0,6.415096959171596,0,1,0,0,0,1
UNA Maison Milano,9.3,9.321875,1108.0,133.0,9.6125,20.584375,10.28125,45.4633289,9.1884242,0.3516978864068917,1241.0,7.124478262493424,2,1,0,1,0,1
United Lodge Hotel and Apartments,7.5,7.383856502242152,714.0,100.0,27.210762331838566,21.69506726457399,4.748878923766816,51.5743549,-0.0977567,-0.11052205948423044,814.0,6.703188113240863,1,0,-1,3,0,0
Upper Diagonal,8.8,8.864492753623187,868.0,68.0,15.942028985507246,19.18840579710145,7.963768115942029,41.39038,2.121,0.089851584436422,936.0,6.842683282238422,2,1,0,0,0,1
Uptown Palace,8.5,8.399776785714286,2901.0,325.0,17.140625,15.631696428571429,8.589285714285714,45.4574655,9.1919138,-0.04467944481163251,3226.0,8.079308192051961,0,0,0,1,0,0
Urban Lodge Hotel,8.6,8.942296918767507,5018.0,612.0,15.904761904761905,25.831932773109244,9.003734827264239,52.3856494,4.834443,0.23228681916497346,5630.0,8.636042325254618,3,1,-1,1,0,1
Vice Versa,8.3,8.296610169491526,637.0,40.0,14.23728813559322,14.559322033898304,5.932203389830509,48.8363819,2.2897793,0.010807736063708762,677.0,6.519147287940395,0,0,0,0,0,0
Victoire Germain,9.3,9.373584905660378,214.0,25.0,12.81132075471698,28.962264150943398,10.849056603773585,48.853299,2.337993,0.3775915306572563,239.0,5.480638923341991,2,1,-1,1,0,1
Victoires Opera,7.5,7.191489361702128,273.0,32.0,17.97872340425532,9.76595744680851,7.914893617021277,48.8648997,2.3469433,-0.28571428571428575,305.0,5.723585101952381,1,0,-1,3,0,0
Victoria Palace Hotel,8.3,8.120833333333334,100.0,14.0,19.333333333333332,12.208333333333334,13.5,48.8457587,2.3243071,-0.21895006402048653,114.0,4.74493212836325,3,0,-1,2,1,0
Vienna Marriott Hotel,8.2,8.109661835748792,939.0,130.0,18.32850241545894,11.801932367149758,9.21256038647343,48.2050967,16.3770928,-0.20965238981998763,1069.0,6.975413927455952,0,0,0,0,0,0
Vienna Sporthotel,8.4,8.382539682539683,556.0,53.0,15.761904761904763,16.984126984126984,14.714285714285714,48.191373,16.4082294,0.03621825023518342,609.0,6.413458957167357,3,0,-1,1,0,1
Vilana Hotel,8.2,8.469354838709679,642.0,30.0,12.46774193548387,25.5,11.161290322580646,41.4047934,2.1288527,0.3344370860927152,672.0,6.511745329644728,3,1,-1,3,0,1
Villa Alessandra,7.3,7.046153846153846,290.0,20.0,19.884615384615383,11.653846153846153,7.384615384615385,48.8794223,2.2957628,-0.2529550827423168,310.0,5.739792912179234,1,0,-1,3,0,0
Villa Beaumarchais,8.1,8.326440677966103,1442.0,149.0,18.72542372881356,21.35593220338983,11.552542372881357,48.8589516,2.3670407,0.0640316857826553,1591.0,7.3727463664043285,3,0,0,1,0,0
Villa Eugenie,6.8,5.864516129032259,165.0,11.0,23.774193548387096,9.935483870967742,5.580645161290323,48.8871283,2.314205,-0.3986988847583643,176.0,5.176149732573829,1,0,-1,3,4,0
Villa Lut ce Port Royal,7.0,6.385106382978724,374.0,20.0,32.51063829787234,10.829787234042554,13.51063829787234,48.8364204,2.3603332,-0.48896353166986556,394.0,5.978885764901122,1,0,-1,3,1,0
Villa Montparnasse,7.6,7.9423076923076925,300.0,38.0,16.903846153846153,17.134615384615383,8.634615384615385,48.8349272,2.3295913,0.006586169045005466,338.0,5.82600010738045,1,0,-1,3,0,0
Villa Opera Drouot,8.4,8.390625,528.0,38.0,17.083333333333332,22.625,8.729166666666666,48.8732231,2.3436097,0.13613101330603894,566.0,6.340359303727752,3,1,0,1,0,1
Villa Panth on,8.1,8.168115942028987,1374.0,126.0,19.192028985507246,18.547101449275363,9.27536231884058,48.8488044,2.3469889,-0.016647961092405506,1500.0,7.313886831633462,3,0,0,1,0,0
Villa d Estr es,8.7,8.917241379310346,59.0,9.0,16.448275862068964,24.03448275862069,8.96551724137931,48.8535089,2.3425787,0.18287614297589366,68.0,4.23410650459726,2,1,-1,3,0,1
Vincci Bit,8.5,8.375182481751825,2848.0,228.0,20.652068126520682,19.153284671532848,12.4330900243309,41.4114188,2.211756,-0.03673006976328183,3076.0,8.031710375322042,3,0,-1,1,0,0
Vincci Gala,8.9,8.74251497005988,913.0,92.0,13.377245508982035,18.221556886227546,12.245508982035927,41.3895263,2.1747136,0.1486039676708303,1005.0,6.913737350659685,3,0,-1,1,0,1
Vincci Mae,8.9,8.995283018867925,546.0,51.0,18.849056603773583,25.632075471698112,9.339622641509434,41.3933943,2.1461315,0.1491391827421697,597.0,6.393590753950631,2,1,0,1,0,1
Vincci Maritimo,8.3,8.210787172011662,2573.0,169.0,18.580174927113703,17.53061224489796,10.862973760932945,41.4082054,2.2124626,-0.02828187603111006,2742.0,7.916807490937603,3,0,0,1,0,0
W Amsterdam,8.4,8.303271028037384,802.0,152.0,25.593457943925234,17.523364485981308,5.878504672897196,52.3727871,4.8900059,-0.1829255375489885,954.0,6.86171134048073,0,0,0,0,0,0
W Barcelona,8.5,8.412347826086958,2708.0,332.0,25.46608695652174,17.135652173913044,6.8539130434782605,41.368437,2.1901534,-0.19105739699254118,3040.0,8.019941687677365,0,0,-1,0,0,0
W London Leicester Square,8.4,8.312359550561798,863.0,255.0,27.325842696629213,15.262172284644194,4.393258426966292,51.510843,-0.1314287,-0.2767657673139715,1118.0,7.020190708311925,0,0,-1,0,0,0
W Paris Op ra,8.2,8.307500000000001,150.0,32.0,20.75,11.75,6.6,48.8719697,2.3316014,-0.26865671641791045,182.0,5.209486152841421,0,0,-1,3,0,0
W12 Rooms,8.7,8.745925925925926,900.0,201.0,16.103703703703705,20.928395061728395,5.592592592592593,51.5045326,-0.2191174,0.12685840420697264,1101.0,7.004881989712859,0,1,0,0,0,1
Waldorf Astoria Amsterdam,9.5,9.535211267605634,443.0,75.0,14.619718309859154,20.140845070422536,6.640845070422535,52.364768,4.896945,0.15439149271366684,518.0,6.251903883165888,2,1,-1,0,0,1
Waldorf Madeleine,8.4,8.608540925266905,1184.0,139.0,13.97864768683274,17.10320284697509,11.288256227758007,48.8715828,2.3224853,0.09739323349972272,1323.0,7.188412736496954,3,0,0,1,0,1
Warwick Paris Former Warwick Champs Elysees ,8.1,8.07323600973236,1813.0,329.0,15.138686131386862,11.739659367396595,8.148418491484184,48.8722019,2.3030866,-0.12192354686681793,2142.0,7.669961995473577,0,0,0,0,0,0
Washington Mayfair Hotel,7.9,7.909442060085837,1532.0,431.0,19.696709585121603,13.61516452074392,5.896995708154506,51.5060237,-0.151078,-0.1772431621080721,1963.0,7.582738488914411,1,0,0,0,0,0
WestCord Art Hotel Amsterdam 4 stars,8.5,8.629764453961457,1712.0,252.0,18.97644539614561,23.419700214132764,4.586723768736617,52.3924898,4.8683822,0.10238823645514657,1964.0,7.583247524303362,0,0,-1,0,0,1
WestCord Fashion Hotel Amsterdam,8.7,8.896554252199413,5236.0,757.0,17.375366568914956,22.523460410557185,4.9208211143695015,52.357655,4.844576,0.12587387516581222,5993.0,8.69851424787661,0,0,-1,0,0,1
Westside Arc de Triomphe Hotel,8.1,8.165529010238908,1738.0,166.0,19.238907849829353,21.235494880546074,5.969283276450512,48.8811741,2.2948337,0.048140223831468015,1904.0,7.552237287560802,0,0,0,0,0,0
Wilson Boutique Hotel,8.7,8.782758620689656,724.0,63.0,16.813793103448276,22.586206896551722,7.268965517241379,41.3944029,2.150194,0.14288152953226352,787.0,6.669498089857879,2,1,0,1,0,1
Windermere Hotel,8.7,8.950526315789473,221.0,31.0,10.136842105263158,24.010526315789473,6.2105263157894735,51.4903724,-0.1459218,0.3947289607666966,252.0,5.53338948872752,2,1,-1,1,0,1
Windsor Hotel Milano,8.5,8.285977011494253,2601.0,207.0,20.77241379310345,20.02528735632184,9.604597701149425,45.4794587,9.1951427,-0.017874821251787493,2808.0,7.940583827104244,3,0,0,1,0,0
Windsor Opera,8.3,8.088235294117647,168.0,15.0,16.029411764705884,12.970588235294118,6.735294117647059,48.8734851,2.3485111,-0.10196078431372554,183.0,5.214935757608986,0,0,-1,3,0,0
Worldhotel Cristoforo Colombo,8.6,8.5384765625,2875.0,282.0,15.55078125,19.728515625,12.466796875,45.4758842,9.205791,0.11515477792732166,3157.0,8.057694194815587,3,0,-1,1,0,1
XO Hotel,8.9,8.823076923076924,49.0,1.0,14.23076923076923,21.384615384615383,8.538461538461538,48.8827492,2.2982782,0.1953781512605042,50.0,3.9318256327243257,2,1,-1,3,0,1
Zenit Barcelona,8.1,8.081012658227849,645.0,56.0,17.60759493670886,19.063291139240505,7.253164556962025,41.3949199,2.1468594,0.038642473118279536,701.0,6.553933404025811,0,0,0,0,0,0
Zenit Borrell,8.0,7.590476190476191,758.0,61.0,23.86904761904762,13.035714285714286,7.285714285714286,41.3859873,2.1514021,-0.28580402010050254,819.0,6.709304340258298,1,0,0,3,0,0
art otel Amsterdam,9.0,8.989113924050633,3158.0,482.0,18.30632911392405,17.91518987341772,7.0329113924050635,52.377743,4.897057,-0.01050841693589529,3640.0,8.200013648175434,0,1,-1,0,0,1
citizenM Amsterdam,8.6,8.770288624787776,4530.0,726.0,18.54074702886248,24.323429541595925,9.078947368421053,52.3419432,4.8759604,0.13183155287196155,5256.0,8.567315800819449,3,1,0,1,0,1
citizenM London Bankside,9.1,9.112261041529333,3802.0,804.0,13.977587343441002,20.856295319709954,9.768622280817402,51.5051507,-0.1004724,0.19196100073583516,4606.0,8.435332164935916,3,1,-1,1,0,1
citizenM London Shoreditch,9.1,9.09200477326969,2113.0,500.0,14.439140811455847,21.62052505966587,8.219570405727923,51.5241373,-0.0786983,0.19377897990726428,2613.0,7.868636894184167,2,1,0,1,0,1
citizenM Tower of London,9.1,9.135591206179441,4672.0,832.0,15.6232917409388,24.430778371954844,9.334521687462864,51.510237,-0.0764428,0.21453382348684405,5504.0,8.61341204915678,3,1,-1,1,0,1
every hotel Piccadilly,8.8,8.967781690140844,1685.0,326.0,12.846830985915492,16.434859154929576,6.46830985915493,51.5101462,-0.1315061,0.11848837209302325,2011.0,7.60688453121963,0,1,0,0,0,1
pentahotel Vienna,8.5,8.363565891472868,805.0,63.0,17.92248062015504,16.124031007751938,12.875968992248062,48.1899743,16.3567007,-0.05131608051316079,868.0,6.767343125265392,3,0,-1,1,0,0
